folder,network,DenseNum,DropOut,FreezePercentage,BatchSize,epoch,accuracy,precision,sensitivity,specificity,f1_score,npv,mcc,auc,TP,TN,FP,FN,runtime,val_accuracy,val_precision,val_sensitivity,val_specificity,val_f1_score,val_npv,val_mcc,val_auc,val_TP,val_TN,val_FP,val_FN,val_runtime
C:\PIBITI\william-cardoso\6_resultados\Dataset01_95.0\InceptionV3\metrics,InceptionV3,128,0.3,0.3,16,6,0.9980924129486084,0.9980924129486084,0.9980924129486084,0.9980932474136353,0.9980930089950562,0.9981056451797485,0.996198832988739,0.9999578595161438,4709.0,4709.0,9.0,9.0,143.2432873249054,0.982594907283783,0.9825811386108398,0.9818037748336792,0.982594907283783,0.9821866154670715,0.9818503260612488,0.9644219875335693,0.9964532852172852,1241.0,1242.0,22.0,23.0,5.693101167678833
