epoch,FN,FP,TN,TP,accuracy,auc,f1_score,loss,lr,mcc,npv,precision,recall,specificity,val_FN,val_FP,val_TN,val_TP,val_accuracy,val_auc,val_f1_score,val_loss,val_mcc,val_npv,val_precision,val_recall,val_specificity
0,240.0,246.0,4554.0,4560.0,0.9543750286102295,0.9886807799339294,0.9496199488639832,0.13404719531536102,0.01,0.898953378200531,0.9496559500694275,0.9488139748573303,0.949999988079071,0.9487500190734863,27.0,24.0,1128.0,1125.0,0.9782986044883728,0.9959139823913574,0.9778133034706116,0.07451736181974411,0.9557479023933411,0.9766826629638672,0.9791122674942017,0.9765625,0.9791666865348816
1,26.0,41.0,4737.0,4752.0,0.9939305186271667,0.9996668100357056,0.9930490851402283,0.022874556481838226,0.01,0.986081063747406,0.9945664405822754,0.9914458394050598,0.9945583939552307,0.9914583563804626,25.0,24.0,1128.0,1127.0,0.9782986044883728,0.9975159764289856,0.9787291288375854,0.06498292833566666,0.9574719667434692,0.9783119559288025,0.9791485667228699,0.9782986044883728,0.9791666865348816
2,15.0,15.0,4763.0,4763.0,0.996651291847229,0.9999409317970276,0.9968241453170776,0.011424125172197819,0.01,0.9936524629592896,0.9967698454856873,0.9968606233596802,0.9968606233596802,0.996874988079071,33.0,34.0,1118.0,1119.0,0.9713541865348816,0.994940459728241,0.9709436893463135,0.0865938812494278,0.9418463110923767,0.9713128209114075,0.9705117344856262,0.9713541865348816,0.9704861044883728
3,6.0,5.0,4773.0,4772.0,0.9987442493438721,0.9999950528144836,0.998853325843811,0.004725249484181404,0.01,0.99771648645401,0.9987596869468689,0.9989533424377441,0.9987442493438721,0.9989583492279053,28.0,28.0,1124.0,1124.0,0.9774305820465088,0.9963107109069824,0.9756736755371094,0.0654621422290802,0.9514145255088806,0.9757607579231262,0.9756944179534912,0.9756944179534912,0.9756944179534912
4,0.0,0.0,4778.0,4778.0,1.0,1.0,1.0,0.002243952825665474,0.0009999999,1.0,1.0,1.0,1.0,1.0,28.0,26.0,1126.0,1124.0,0.9774305820465088,0.9964811205863953,0.9765348434448242,0.07186761498451233,0.9531506299972534,0.9757741093635559,0.9773913025856018,0.9756944179534912,0.9774305820465088
5,1.0,1.0,4777.0,4777.0,0.9997907280921936,0.9999995231628418,0.99979168176651,0.002385263331234455,0.0009999999,0.9995833039283752,0.99979168176651,0.9997907280921936,0.9997907280921936,0.99979168176651,29.0,27.0,1125.0,1123.0,0.9765625,0.9973158836364746,0.9756669998168945,0.06979366391897202,0.9514015913009644,0.9748931527137756,0.9765217304229736,0.9748263955116272,0.9765625
