folder,network,DenseNum,DropOut,FreezePercentage,BatchSize,epoch,accuracy,precision,sensitivity,specificity,f1_score,npv,mcc,auc,TP,TN,FP,FN,runtime,val_accuracy,val_precision,val_sensitivity,val_specificity,val_f1_score,val_npv,val_mcc,val_auc,val_TP,val_TN,val_FP,val_FN,val_runtime
C:\PIBITI\william-cardoso\6_resultados\Dataset01_90.0\InceptionV3\metrics,InceptionV3,128,0.3,0.3,16,8,0.9975429773330688,0.9975429773330688,0.9975429773330688,0.9975489974021912,0.9975550174713135,0.997547447681427,0.9951092004776001,0.9999344944953918,4872.0,4872.0,12.0,12.0,171.54744148254395,0.982536792755127,0.982536792755127,0.982536792755127,0.982536792755127,0.982536792755127,0.982536792755127,0.9650735259056091,0.9962974190711975,1069.0,1069.0,19.0,19.0,5.6786839962005615
