epoch,FN,FP,TN,TP,accuracy,auc,f1_score,loss,lr,mcc,npv,precision,recall,specificity,val_FN,val_FP,val_TN,val_TP,val_accuracy,val_auc,val_f1_score,val_loss,val_mcc,val_npv,val_precision,val_recall,val_specificity
0,782.0,790.0,4074.0,4082.0,0.8472450375556946,0.9233149290084839,0.83842933177948,0.36333489418029785,0.01,0.6772637367248535,0.8394860625267029,0.837848961353302,0.8392269611358643,0.8375822305679321,544.0,544.0,544.0,544.0,0.5,0.688955545425415,0.4999999403953552,2.103959083557129,0.0,0.5,0.5,0.5,0.5
1,573.0,564.0,4256.0,4247.0,0.8834024667739868,0.9537639021873474,0.8825314044952393,0.2758716642856598,0.01,0.7655287384986877,0.8821815848350525,0.8827686309814453,0.8811203241348267,0.883593738079071,544.0,544.0,544.0,544.0,0.5,0.7087423801422119,0.4999999403953552,1.5830456018447876,0.0,0.5,0.5,0.5,0.5
2,505.0,543.0,4277.0,4315.0,0.8910788297653198,0.9619722962379456,0.8907485604286194,0.24961864948272705,0.01,0.780643880367279,0.8934931755065918,0.8882256150245667,0.8952282071113586,0.8861019611358643,544.0,544.0,544.0,544.0,0.5,0.6884921789169312,0.4999999403953552,1.057104468345642,0.0,0.5,0.5,0.5,0.5
3,486.0,490.0,4330.0,4334.0,0.8979253172874451,0.9670782089233398,0.897210955619812,0.23239637911319733,0.01,0.7945649027824402,0.8974812030792236,0.8984245657920837,0.8991701006889343,0.8969983458518982,544.0,544.0,544.0,544.0,0.5,0.703286349773407,0.4999999403953552,1.1900348663330078,0.0,0.5,0.5,0.5,0.5
4,430.0,451.0,4369.0,4390.0,0.9091286063194275,0.9718171954154968,0.9091751575469971,0.2162586748600006,0.0009999999,0.8180906772613525,0.9108709096908569,0.9068374037742615,0.910788357257843,0.906825602054596,544.0,544.0,544.0,544.0,0.5,0.6901259422302246,0.4999999403953552,1.0002870559692383,0.0,0.5,0.5,0.5,0.5
5,432.0,422.0,4398.0,4388.0,0.9128630757331848,0.9745492339134216,0.9111874103546143,0.20434413850307465,0.0009999999,0.8227130770683289,0.9106043577194214,0.9122661352157593,0.9103734493255615,0.9123355746269226,544.0,544.0,544.0,544.0,0.5,0.6980313658714294,0.4999999403953552,0.9042943716049194,0.0,0.5,0.5,0.5,0.5
