epoch,FN,FP,TN,TP,accuracy,auc,f1_score,loss,lr,mcc,npv,precision,recall,specificity,val_FN,val_FP,val_TN,val_TP,val_accuracy,val_auc,val_f1_score,val_loss,val_mcc,val_npv,val_precision,val_recall,val_specificity
0,760.0,733.0,4003.0,3976.0,0.8526182174682617,0.9219743013381958,0.8416953086853027,0.3666173815727234,0.01,0.6851292848587036,0.841154932975769,0.8443406224250793,0.8395270109176636,0.8452280163764954,608.0,608.0,608.0,608.0,0.5,0.5878801345825195,0.4999999403953552,3.157528877258301,0.0,0.5,0.5,0.5,0.5
1,545.0,526.0,4178.0,4159.0,0.8847789168357849,0.95530104637146,0.88543301820755,0.27048948407173157,0.01,0.7718267440795898,0.8847707509994507,0.8877267837524414,0.8841411471366882,0.8876689076423645,608.0,608.0,608.0,608.0,0.5,0.5876893997192383,0.4999999403953552,2.3888919353485107,0.0,0.5,0.5,0.5,0.5
2,550.0,534.0,4170.0,4154.0,0.8879677057266235,0.9585282802581787,0.8843287825584412,0.26023632287979126,0.01,0.769465982913971,0.8835792541503906,0.8860921263694763,0.8830782175064087,0.8864020109176636,608.0,608.0,608.0,608.0,0.5,0.6835454106330872,0.4999999403953552,1.893811821937561,0.0,0.5,0.5,0.5,0.5
3,517.0,513.0,4191.0,4187.0,0.8924319744110107,0.9635425209999084,0.8905863165855408,0.244032621383667,0.01,0.7813894748687744,0.8903977870941162,0.8908510804176331,0.8900935649871826,0.8910472989082336,608.0,608.0,608.0,608.0,0.5,0.6945006847381592,0.4999999403953552,1.5211231708526611,0.0,0.5,0.5,0.5,0.5
4,488.0,460.0,4244.0,4216.0,0.9017857313156128,0.9685782790184021,0.8993679881095886,0.22774897515773773,0.0009999999,0.7996147871017456,0.897594153881073,0.9016253352165222,0.896258533000946,0.9026604890823364,608.0,608.0,608.0,608.0,0.5,0.7118555903434753,0.4999999403953552,1.2933216094970703,0.0,0.5,0.5,0.5,0.5
5,440.0,422.0,4282.0,4264.0,0.9105017185211182,0.9715483784675598,0.9083307385444641,0.21604610979557037,0.0009999999,0.8171037435531616,0.9070926308631897,0.9099445343017578,0.9064626097679138,0.9102618098258972,608.0,608.0,608.0,608.0,0.5,0.7127103805541992,0.4999999403953552,1.1350469589233398,0.0,0.5,0.5,0.5,0.5
