epoch,FN,FP,TN,TP,accuracy,auc,f1_score,loss,lr,mcc,npv,precision,recall,specificity,val_FN,val_FP,val_TN,val_TP,val_accuracy,val_auc,val_f1_score,val_loss,val_mcc,val_npv,val_precision,val_recall,val_specificity
0,728.0,746.0,3990.0,4008.0,0.8498733043670654,0.923231303691864,0.8441236019134521,0.36761316657066345,0.01,0.6891939043998718,0.8470456600189209,0.8430795073509216,0.8462837934494019,0.8424831032752991,608.0,608.0,608.0,608.0,0.5,0.6688225865364075,0.4999999403953552,1.603070855140686,0.0,0.5,0.5,0.5,0.5
1,571.0,551.0,4161.0,4141.0,0.8824278712272644,0.952589213848114,0.8805917501449585,0.2786247134208679,0.01,0.7622451782226562,0.8798089027404785,0.8825660943984985,0.8788200616836548,0.8831503391265869,608.0,608.0,608.0,608.0,0.5,0.6782981157302856,0.4999999403953552,1.7000828981399536,0.0,0.5,0.5,0.5,0.5
2,550.0,554.0,4158.0,4162.0,0.8851867318153381,0.9579176306724548,0.8825505375862122,0.2628842294216156,0.01,0.7652982473373413,0.8830254077911377,0.8825275897979736,0.8832767605781555,0.8822634816169739,608.0,608.0,608.0,608.0,0.5,0.7090178728103638,0.4999999403953552,1.643810749053955,0.0,0.5,0.5,0.5,0.5
3,480.0,488.0,4224.0,4232.0,0.8989813327789307,0.963587760925293,0.8975212574005127,0.24425750970840454,0.01,0.7949475646018982,0.8981607556343079,0.8966101408004761,0.8981324434280396,0.8965794444084167,608.0,608.0,608.0,608.0,0.5,0.7023459076881409,0.4999999403953552,1.7127835750579834,0.0,0.5,0.5,0.5,0.5
4,465.0,463.0,4249.0,4247.0,0.9017402529716492,0.9672655463218689,0.901297390460968,0.23402607440948486,0.0009999999,0.8026469349861145,0.9010919332504272,0.9016985297203064,0.9013158082962036,0.9014779925346375,608.0,608.0,608.0,608.0,0.5,0.712655246257782,0.4999999403953552,1.6049048900604248,0.0,0.5,0.5,0.5,0.5
5,471.0,466.0,4246.0,4241.0,0.9002546668052673,0.9685177206993103,0.9001908302307129,0.22714920341968536,0.0009999999,0.8007621765136719,0.9001524448394775,0.9009985327720642,0.9000424742698669,0.9008445739746094,608.0,608.0,608.0,608.0,0.5,0.7112553715705872,0.4999999403953552,1.5059356689453125,0.0,0.5,0.5,0.5,0.5
