epoch,FN,FP,TN,TP,accuracy,auc,f1_score,loss,lr,mcc,npv,precision,recall,specificity,val_FN,val_FP,val_TN,val_TP,val_accuracy,val_auc,val_f1_score,val_loss,val_mcc,val_npv,val_precision,val_recall,val_specificity
0,714.0,724.0,4012.0,4022.0,0.8559966087341309,0.9274019598960876,0.8484036922454834,0.35278671979904175,0.01,0.6966636180877686,0.849029541015625,0.8474504947662354,0.8492398858070374,0.8471283912658691,608.0,608.0,608.0,608.0,0.5,0.58284991979599,0.4999999403953552,1.8536198139190674,0.0,0.5,0.5,0.5,0.5
1,520.0,543.0,4179.0,4202.0,0.8869123458862305,0.9548817873001099,0.8871840238571167,0.27204063534736633,0.01,0.77387535572052,0.888800323009491,0.8855637311935425,0.889877200126648,0.8844003677368164,608.0,608.0,608.0,608.0,0.5,0.5581706762313843,0.4999999403953552,2.1666853427886963,0.0,0.5,0.5,0.5,0.5
2,509.0,531.0,4191.0,4213.0,0.889665424823761,0.9611427187919617,0.8902354836463928,0.25226759910583496,0.01,0.7801548838615417,0.8919454216957092,0.8880691528320312,0.8922066688537598,0.887643575668335,608.0,608.0,608.0,608.0,0.5,0.5064826011657715,0.4999999403953552,1.9230695962905884,0.0,0.5,0.5,0.5,0.5
3,486.0,485.0,4237.0,4236.0,0.8991952538490295,0.9642950296401978,0.8970808982849121,0.24259959161281586,0.01,0.7944014072418213,0.8971791863441467,0.8972675204277039,0.8970775008201599,0.8972382545471191,608.0,608.0,608.0,608.0,0.5,0.49509280920028687,0.4999999403953552,1.9443224668502808,0.0,0.5,0.5,0.5,0.5
4,448.0,425.0,4297.0,4274.0,0.9072427153587341,0.9708825945854187,0.9073626399040222,0.21954947710037231,0.0009999999,0.8154757618904114,0.9059584140777588,0.909555196762085,0.9051249623298645,0.9100844860076904,608.0,608.0,608.0,608.0,0.5,0.4787672162055969,0.4999999403953552,1.8305820226669312,0.0,0.5,0.5,0.5,0.5
5,424.0,424.0,4298.0,4298.0,0.9135959148406982,0.9722714424133301,0.910036027431488,0.21326185762882233,0.0009999999,0.8202165961265564,0.9101258516311646,0.9102075099945068,0.9102075099945068,0.9100591540336609,608.0,608.0,608.0,608.0,0.5,0.5223392248153687,0.4999999403953552,1.6763315200805664,0.0,0.5,0.5,0.5,0.5
