epoch,FN,FP,TN,TP,accuracy,auc,f1_score,loss,lr,mcc,npv,precision,recall,specificity,val_FN,val_FP,val_TN,val_TP,val_accuracy,val_auc,val_f1_score,val_loss,val_mcc,val_npv,val_precision,val_recall,val_specificity
0,684.0,722.0,4014.0,4052.0,0.8557854890823364,0.930695652961731,0.8525288701057434,0.3467247784137726,0.01,0.7036268711090088,0.8539974093437195,0.8487641215324402,0.8555743098258972,0.8475506901741028,675.0,248.0,968.0,541.0,0.5493420958518982,0.6757088303565979,0.5392429232597351,0.7711117267608643,0.25826725363731384,0.5891130566596985,0.6856780648231506,0.44490131735801697,0.7960526347160339
1,542.0,552.0,4154.0,4164.0,0.8867403268814087,0.9569509625434875,0.8833056092262268,0.2654872238636017,0.01,0.7668711543083191,0.8844655752182007,0.8829516768455505,0.8848278522491455,0.8823281526565552,608.0,591.0,625.0,608.0,0.5,0.690576434135437,0.5035269260406494,1.0132678747177124,0.01399347186088562,0.5068032145500183,0.5070892572402954,0.5,0.5139802694320679
2,484.0,481.0,4225.0,4222.0,0.8973650932312012,0.9653013944625854,0.8974801301956177,0.2387559711933136,0.01,0.7951076030731201,0.8971803188323975,0.8977248668670654,0.8971525430679321,0.8978785872459412,608.0,608.0,608.0,608.0,0.5,0.6629050970077515,0.4999999403953552,1.458967685699463,0.0,0.5,0.5,0.5,0.5
3,481.0,474.0,4232.0,4225.0,0.8997024893760681,0.9675754308700562,0.8982618451118469,0.23009221255779266,0.01,0.7968429327011108,0.8979868292808533,0.8991274833679199,0.8977900743484497,0.8989840149879456,608.0,599.0,617.0,608.0,0.5041118264198303,0.6703495979309082,0.5019093155860901,0.9962559938430786,0.007423243951052427,0.5034828782081604,0.5037282705307007,0.5,0.5074012875556946
4,463.0,450.0,4256.0,4243.0,0.9054398536682129,0.968679666519165,0.9022682905197144,0.22645770013332367,0.0009999999,0.8049166798591614,0.9014840126037598,0.9041125178337097,0.9016149640083313,0.9036788940429688,605.0,599.0,617.0,611.0,0.5041118264198303,0.6774526834487915,0.5038043856620789,0.9740188121795654,0.009891010820865631,0.5046724081039429,0.5049586892127991,0.5024670958518982,0.5074012875556946
5,406.0,397.0,4309.0,4300.0,0.9171270728111267,0.9744778871536255,0.9145876169204712,0.2048613280057907,0.0009999999,0.8294253945350647,0.9139533042907715,0.915477991104126,0.9137271642684937,0.9156150817871094,600.0,599.0,617.0,616.0,0.5065789222717285,0.6830233335494995,0.5068249702453613,0.955999493598938,0.01398156862705946,0.5069079399108887,0.5069958567619324,0.5065789222717285,0.5074012875556946
