epoch,FN,FP,TN,TP,accuracy,auc,f1_score,loss,lr,mcc,npv,precision,recall,specificity,val_FN,val_FP,val_TN,val_TP,val_accuracy,val_auc,val_f1_score,val_loss,val_mcc,val_npv,val_precision,val_recall,val_specificity
0,784.0,767.0,4097.0,4080.0,0.8429276347160339,0.920303463935852,0.8397358059883118,0.36579540371894836,0.01,0.6813980937004089,0.8406012058258057,0.8417577743530273,0.8388158082962036,0.8423108458518982,544.0,544.0,544.0,544.0,0.5,0.5,0.4999999403953552,16.582019805908203,0.0,0.5,0.5,0.5,0.5
1,497.0,493.0,4323.0,4319.0,0.8978405594825745,0.9627719521522522,0.8969690203666687,0.24723473191261292,0.01,0.794044017791748,0.896685779094696,0.8975477814674377,0.8968023061752319,0.8974095582962036,544.0,544.0,544.0,544.0,0.5,0.5,0.4999999403953552,19.48764991760254,0.0,0.5,0.5,0.5,0.5
2,473.0,477.0,4339.0,4343.0,0.9015780687332153,0.9662005305290222,0.9014114737510681,0.23596563935279846,0.01,0.8029235005378723,0.901608407497406,0.901037335395813,0.9017857313156128,0.9013158082962036,544.0,544.0,544.0,544.0,0.5,0.5,0.4999999403953552,19.779890060424805,0.0,0.5,0.5,0.5,0.5
3,391.0,388.0,4428.0,4425.0,0.9192276000976562,0.9747335910797119,0.9199101328849792,0.2041136473417282,0.01,0.8398719429969788,0.9196626543998718,0.9193850159645081,0.9188122749328613,0.9202302694320679,544.0,544.0,544.0,544.0,0.5,0.5,0.4999999403953552,19.757980346679688,0.0,0.5,0.5,0.5,0.5
4,327.0,315.0,4501.0,4489.0,0.9337624311447144,0.9822890758514404,0.9326912760734558,0.17002485692501068,0.0009999999,0.8655726909637451,0.9317247271537781,0.9344296455383301,0.932101309299469,0.9340049624443054,544.0,544.0,544.0,544.0,0.5,0.5,0.4999999403953552,21.592985153198242,0.0,0.5,0.5,0.5,0.5
5,289.0,283.0,4533.0,4527.0,0.9395763874053955,0.9858766794204712,0.9411563873291016,0.15170340240001678,0.0009999999,0.8824203014373779,0.9406895041465759,0.9411642551422119,0.9399917125701904,0.9418174624443054,544.0,544.0,544.0,544.0,0.5,0.5,0.4999999403953552,12.710528373718262,0.0,0.5,0.5,0.5,0.5
