epoch,FN,FP,TN,TP,accuracy,auc,f1_score,loss,lr,mcc,npv,precision,recall,specificity,val_FN,val_FP,val_TN,val_TP,val_accuracy,val_auc,val_f1_score,val_loss,val_mcc,val_npv,val_precision,val_recall,val_specificity
0,764.0,789.0,3947.0,3972.0,0.8431165814399719,0.916047990322113,0.8362975120544434,0.3752705752849579,0.01,0.6724347472190857,0.8383596539497375,0.8342785239219666,0.8386824131011963,0.8334037065505981,956.0,52.0,1164.0,260.0,0.6381579041481018,0.7250712513923645,0.3386960029602051,0.8682290315628052,0.26441773772239685,0.5489330291748047,0.8333333134651184,0.21381579339504242,0.9572368264198303
1,480.0,485.0,4221.0,4226.0,0.8969400525093079,0.9618152379989624,0.8971484303474426,0.25070637464523315,0.01,0.7942787408828735,0.8976867198944092,0.8970494866371155,0.898002564907074,0.896475076675415,608.0,608.0,608.0,608.0,0.5,0.5,0.4999999403953552,5.343303203582764,0.0,0.5,0.5,0.5,0.5
2,397.0,397.0,4309.0,4309.0,0.9158521294593811,0.9738065004348755,0.9154329895973206,0.20660534501075745,0.01,0.8309305310249329,0.9154852628707886,0.9156395792961121,0.9156395792961121,0.9154287576675415,608.0,608.0,608.0,608.0,0.5,0.5,0.4999999403953552,5.095548629760742,0.0,0.5,0.5,0.5,0.5
3,338.0,332.0,4374.0,4368.0,0.9286018013954163,0.9780846834182739,0.9284782409667969,0.18760369718074799,0.01,0.8570808172225952,0.9280064702033997,0.9293617010116577,0.9281768202781677,0.9291534423828125,608.0,608.0,608.0,608.0,0.5,0.5,0.4999999403953552,5.016434669494629,0.0,0.5,0.5,0.5,0.5
4,328.0,334.0,4372.0,4378.0,0.9294517636299133,0.9813999533653259,0.929011344909668,0.17311759293079376,0.0009999999,0.8580582141876221,0.9296537637710571,0.9291171431541443,0.9303017258644104,0.9283585548400879,608.0,608.0,608.0,608.0,0.5,0.5,0.4999999403953552,4.488452911376953,0.0,0.5,0.5,0.5,0.5
5,246.0,247.0,4459.0,4460.0,0.947726309299469,0.988028347492218,0.9477915167808533,0.1390080600976944,0.0009999999,0.895570695400238,0.9478559494018555,0.9475249648094177,0.947726309299469,0.947659969329834,605.0,605.0,611.0,611.0,0.5024670958518982,0.506187379360199,0.5024670362472534,4.682533264160156,0.004934210330247879,0.5024670958518982,0.5024670958518982,0.5024670958518982,0.5024670958518982
