epoch,FN,FP,TN,TP,accuracy,auc,f1_score,loss,lr,mcc,npv,precision,recall,specificity,val_FN,val_FP,val_TN,val_TP,val_accuracy,val_auc,val_f1_score,val_loss,val_mcc,val_npv,val_precision,val_recall,val_specificity
0,767.0,782.0,3954.0,3969.0,0.841849684715271,0.9130970239639282,0.8369005918502808,0.3786630630493164,0.01,0.6731218695640564,0.8371901512145996,0.8354030847549438,0.8380489945411682,0.8348817825317383,576.0,576.0,576.0,576.0,0.5,0.5,0.4999999403953552,6.511754989624023,0.0,0.5,0.5,0.5,0.5
1,496.0,497.0,4231.0,4232.0,0.8950930833816528,0.9638113975524902,0.8949577808380127,0.24396996200084686,0.01,0.7899492383003235,0.8950863480567932,0.8949037790298462,0.8950930833816528,0.8948479890823364,576.0,576.0,576.0,576.0,0.5,0.5,0.4999999403953552,6.866227149963379,0.0,0.5,0.5,0.5,0.5
2,420.0,412.0,4316.0,4308.0,0.9130710363388062,0.9700514674186707,0.9118078351020813,0.22091928124427795,0.01,0.823922872543335,0.9113752245903015,0.9127118587493896,0.9111675024032593,0.9127956032752991,576.0,576.0,576.0,576.0,0.5,0.5,0.4999999403953552,6.532410621643066,0.0,0.5,0.5,0.5,0.5
3,380.0,370.0,4358.0,4348.0,0.9202622771263123,0.9752622246742249,0.9205235838890076,0.2005476951599121,0.01,0.8412548899650574,0.9197554588317871,0.9215769171714783,0.9196277260780334,0.9216638803482056,576.0,576.0,576.0,576.0,0.5,0.5,0.4999999403953552,11.136638641357422,0.0,0.5,0.5,0.5,0.5
4,328.0,337.0,4391.0,4400.0,0.9297800064086914,0.980690062046051,0.9297188520431519,0.1779583841562271,0.0009999999,0.8593210577964783,0.9304422736167908,0.9288579225540161,0.9306260347366333,0.9287222623825073,576.0,576.0,576.0,576.0,0.5,0.5,0.4999999403953552,10.48039722442627,0.0,0.5,0.5,0.5,0.5
5,276.0,267.0,4461.0,4452.0,0.9431049227714539,0.9869034290313721,0.942561686038971,0.14816559851169586,0.0009999999,0.8852441310882568,0.9417815208435059,0.9434202313423157,0.9416243433952332,0.9435629844665527,576.0,576.0,576.0,576.0,0.5,0.5,0.4999999403953552,9.903468132019043,0.0,0.5,0.5,0.5,0.5
