epoch,FN,FP,TN,TP,accuracy,auc,f1_score,loss,lr,mcc,npv,precision,recall,specificity,val_FN,val_FP,val_TN,val_TP,val_accuracy,val_auc,val_f1_score,val_loss,val_mcc,val_npv,val_precision,val_recall,val_specificity
0,715.0,711.0,3961.0,3957.0,0.851883590221405,0.9244710803031921,0.8476836085319519,0.35862815380096436,0.01,0.6950703263282776,0.8465637564659119,0.8476863503456116,0.8469606041908264,0.8478167653083801,600.0,509.0,771.0,680.0,0.571093738079071,0.6731887459754944,0.551676332950592,0.6999543905258179,0.135078564286232,0.5605670213699341,0.5719091892242432,0.53125,0.602343738079071
1,519.0,512.0,4104.0,4097.0,0.8886481523513794,0.9566887617111206,0.8861259818077087,0.26673686504364014,0.01,0.7719523906707764,0.8855760097503662,0.8889129757881165,0.887565016746521,0.8859161138534546,640.0,640.0,640.0,640.0,0.5,0.5,0.4999999403953552,3.784797191619873,0.0,0.5,0.5,0.5,0.5
2,402.0,408.0,4208.0,4214.0,0.9133448600769043,0.9694145321846008,0.9119060039520264,0.22297504544258118,0.01,0.8237035870552063,0.9123404622077942,0.9117265343666077,0.912911593914032,0.9111729264259338,640.0,640.0,640.0,640.0,0.5,0.5,0.4999999403953552,3.9164416790008545,0.0,0.5,0.5,0.5,0.5
3,460.0,466.0,4150.0,4156.0,0.8996967077255249,0.9657991528511047,0.8950046896934509,0.23873533308506012,0.01,0.789886474609375,0.8954155445098877,0.8991778492927551,0.9003466367721558,0.8942636847496033,640.0,640.0,640.0,640.0,0.5,0.5,0.4999999403953552,7.449391841888428,0.0,0.5,0.5,0.5,0.5
4,319.0,323.0,4293.0,4297.0,0.9306759238243103,0.9788694977760315,0.9313247799873352,0.1843670755624771,0.0009999999,0.8626571297645569,0.9317220449447632,0.9300865530967712,0.9308925271034241,0.9308647513389587,634.0,634.0,646.0,646.0,0.504687488079071,0.5106292963027954,0.5046905875205994,5.523015022277832,0.009375381283462048,0.5046756863594055,0.504687488079071,0.504687488079071,0.504687488079071
5,316.0,316.0,4300.0,4300.0,0.9321923851966858,0.9827457070350647,0.9323825836181641,0.16793496906757355,0.0009999999,0.8647741079330444,0.9323678016662598,0.9315424561500549,0.9315424561500549,0.9323630332946777,637.0,637.0,643.0,643.0,0.5023437738418579,0.6334158778190613,0.5023437142372131,2.4198474884033203,0.004687500186264515,0.5023437738418579,0.5023437738418579,0.5023437738418579,0.5023437738418579
