epoch,FN,FP,TN,TP,accuracy,auc,f1_score,loss,lr,mcc,npv,precision,recall,specificity,val_FN,val_FP,val_TN,val_TP,val_accuracy,val_auc,val_f1_score,val_loss,val_mcc,val_npv,val_precision,val_recall,val_specificity
0,910.0,907.0,3957.0,3954.0,0.8221628069877625,0.895409882068634,0.8129770159721375,0.4199008047580719,0.01,0.6268779635429382,0.8136802911758423,0.8134129047393799,0.8129112124443054,0.8135279417037964,589.0,362.0,726.0,499.0,0.5569853186607361,0.6822538375854492,0.5121870040893555,0.6926027536392212,0.1298530548810959,0.5512130260467529,0.5795586705207825,0.4586397111415863,0.6672794222831726
1,679.0,687.0,4133.0,4141.0,0.8578838109970093,0.9361481666564941,0.858543872833252,0.32207247614860535,0.01,0.7171446681022644,0.8590519428253174,0.8577050566673279,0.8591286540031433,0.8578536510467529,565.0,510.0,578.0,523.0,0.49264705181121826,0.6796144247055054,0.49320921301841736,0.9513424038887024,0.012037080712616444,0.5052977800369263,0.5062923431396484,0.48069852590560913,0.53125
2,671.0,659.0,4161.0,4149.0,0.8636929392814636,0.9383098483085632,0.860649824142456,0.3168518841266632,0.01,0.7223237156867981,0.8602831959724426,0.862936794757843,0.8607884049415588,0.862705647945404,577.0,409.0,679.0,511.0,0.5,0.6727198362350464,0.5090205073356628,0.8266713619232178,0.09519332647323608,0.5401211380958557,0.5554347634315491,0.4696691036224365,0.6240808963775635
3,673.0,651.0,4169.0,4147.0,0.8636929392814636,0.9415241479873657,0.8630472421646118,0.3079209327697754,0.01,0.7271232604980469,0.862164318561554,0.8643184900283813,0.8603734374046326,0.8657072186470032,553.0,489.0,599.0,535.0,0.5,0.6887751221656799,0.5067489743232727,0.8122367262840271,0.04241759702563286,0.5196143984794617,0.5224609375,0.49172794818878174,0.5505514740943909
4,667.0,655.0,4165.0,4153.0,0.8626555800437927,0.9446888566017151,0.8612905740737915,0.2991620898246765,0.0009999999,0.7234005331993103,0.8609340786933899,0.8637686967849731,0.8616182804107666,0.8630756735801697,544.0,544.0,544.0,544.0,0.5,0.6740549802780151,0.4999999403953552,0.8868786692619324,0.0,0.5,0.5,0.5,0.5
5,590.0,594.0,4226.0,4230.0,0.8788381814956665,0.9523072838783264,0.8770343661308289,0.27895164489746094,0.0009999999,0.7540877461433411,0.8777797818183899,0.8768656849861145,0.8775933384895325,0.8760691285133362,544.0,544.0,544.0,544.0,0.5,0.6527121067047119,0.4999999403953552,1.063766598701477,0.0,0.5,0.5,0.5,0.5
