epoch,FN,FP,TN,TP,accuracy,auc,f1_score,loss,lr,mcc,npv,precision,recall,specificity,val_FN,val_FP,val_TN,val_TP,val_accuracy,val_auc,val_f1_score,val_loss,val_mcc,val_npv,val_precision,val_recall,val_specificity
0,910.0,874.0,3862.0,3826.0,0.818412184715271,0.8955598473548889,0.810563325881958,0.4237903356552124,0.01,0.623996913433075,0.8104605078697205,0.8140425682067871,0.8078547120094299,0.8154560923576355,608.0,608.0,608.0,608.0,0.5,0.6355176568031311,0.4999999403953552,1.6657825708389282,0.0,0.5,0.5,0.5,0.5
1,691.0,675.0,4029.0,4013.0,0.8569302558898926,0.9363325834274292,0.8549137115478516,0.3227570056915283,0.01,0.7107822299003601,0.8545665740966797,0.8560153841972351,0.853103756904602,0.8568412065505981,608.0,608.0,608.0,608.0,0.5,0.6660251021385193,0.4999999403953552,1.7454086542129517,0.0,0.5,0.5,0.5,0.5
2,680.0,674.0,4030.0,4024.0,0.8554421663284302,0.939139187335968,0.8560029864311218,0.3150339126586914,0.01,0.7122177481651306,0.8555210828781128,0.8565347194671631,0.8554421663284302,0.8566300868988037,608.0,608.0,608.0,608.0,0.5,0.6888596415519714,0.4999999403953552,1.4758142232894897,0.0,0.5,0.5,0.5,0.5
3,648.0,664.0,4040.0,4056.0,0.8605442047119141,0.938870370388031,0.8595972061157227,0.31672757863998413,0.01,0.718775749206543,0.8606030941009521,0.8593220114707947,0.8622449040412903,0.857474684715271,608.0,608.0,608.0,608.0,0.5,0.6837598085403442,0.4999999403953552,1.4584269523620605,0.0,0.5,0.5,0.5,0.5
4,625.0,623.0,4081.0,4079.0,0.8671343326568604,0.9451824426651001,0.8670832514762878,0.29860323667526245,0.0009999999,0.734329342842102,0.8668999671936035,0.8675031661987305,0.8671343326568604,0.8673986196517944,609.0,585.0,631.0,607.0,0.5,0.6747093200683594,0.5042893886566162,1.4982539415359497,0.01813463121652603,0.5085073709487915,0.5092281699180603,0.49917763471603394,0.5189144611358643
5,560.0,576.0,4128.0,4144.0,0.8798894286155701,0.9527302384376526,0.8790438771247864,0.27755075693130493,0.0009999999,0.7579919099807739,0.8805831670761108,0.8779661059379578,0.8809523582458496,0.8771114945411682,680.0,321.0,895.0,536.0,0.5,0.6646806001663208,0.5150740742683411,1.4024147987365723,0.1870647519826889,0.5683026313781738,0.6254375576972961,0.44078946113586426,0.7360197305679321
