epoch,FN,FP,TN,TP,accuracy,auc,f1_score,loss,lr,mcc,npv,precision,recall,specificity,val_FN,val_FP,val_TN,val_TP,val_accuracy,val_auc,val_f1_score,val_loss,val_mcc,val_npv,val_precision,val_recall,val_specificity
0,921.0,936.0,3864.0,3879.0,0.809166669845581,0.8894525170326233,0.8066999912261963,0.4328066408634186,0.01,0.6134626865386963,0.8080580830574036,0.8056074976921082,0.8081250190734863,0.8050000071525574,576.0,576.0,576.0,576.0,0.5,0.519744873046875,0.4999999403953552,2.06307315826416,0.0,0.5,0.5,0.5,0.5
1,704.0,712.0,4072.0,4080.0,0.8538879752159119,0.9318668246269226,0.8524804711341858,0.3328520953655243,0.01,0.7047455906867981,0.8527894616127014,0.8514190316200256,0.8528428077697754,0.8514583110809326,576.0,576.0,576.0,576.0,0.5,0.616314172744751,0.4999999403953552,2.417212963104248,0.0,0.5,0.5,0.5,0.5
2,696.0,701.0,4083.0,4088.0,0.8555601835250854,0.9363205432891846,0.8541207909584045,0.32167860865592957,0.01,0.7081568241119385,0.8544625043869019,0.8536229133605957,0.8545150756835938,0.8534027338027954,576.0,576.0,576.0,576.0,0.5,0.5721518397331238,0.4999999403953552,2.5585598945617676,0.0,0.5,0.5,0.5,0.5
3,668.0,655.0,4129.0,4116.0,0.8620401620864868,0.9393766522407532,0.861768901348114,0.3156574070453644,0.01,0.7241350412368774,0.8611867427825928,0.8627122044563293,0.8603678941726685,0.8633333444595337,576.0,576.0,576.0,576.0,0.5,0.5648223161697388,0.4999999403953552,2.515228271484375,0.0,0.5,0.5,0.5,0.5
4,651.0,676.0,4108.0,4133.0,0.8609949946403503,0.9415561556816101,0.8618783354759216,0.3111313581466675,0.0009999999,0.7231613397598267,0.863538920879364,0.8594302535057068,0.8639214038848877,0.8588193655014038,576.0,576.0,576.0,576.0,0.5,0.5264971256256104,0.4999999403953552,2.6317086219787598,0.0,0.5,0.5,0.5,0.5
5,602.0,608.0,4176.0,4182.0,0.8735367655754089,0.9510842561721802,0.8738903999328613,0.2829274833202362,0.0009999999,0.7477205395698547,0.8743582963943481,0.8730688691139221,0.8741638660430908,0.8731250166893005,576.0,576.0,576.0,576.0,0.5,0.6028698682785034,0.4999999403953552,2.43074893951416,0.0,0.5,0.5,0.5,0.5
