epoch,FN,FP,TN,TP,accuracy,auc,f1_score,loss,lr,mcc,npv,precision,recall,specificity,val_FN,val_FP,val_TN,val_TP,val_accuracy,val_auc,val_f1_score,val_loss,val_mcc,val_npv,val_precision,val_recall,val_specificity
0,863.0,861.0,3875.0,3873.0,0.8245354890823364,0.9006209969520569,0.8176805377006531,0.411175400018692,0.01,0.6364549398422241,0.818668782711029,0.8181242346763611,0.8177787065505981,0.8182010054588318,576.0,576.0,576.0,576.0,0.5,0.5075310468673706,0.4999999403953552,1.9867769479751587,0.0,0.5,0.5,0.5,0.5
1,685.0,677.0,4051.0,4043.0,0.8614636063575745,0.9349195957183838,0.8560125827789307,0.32635271549224854,0.01,0.7123925685882568,0.8555168509483337,0.8565678000450134,0.855118453502655,0.8569015264511108,576.0,576.0,576.0,576.0,0.5,0.6468916535377502,0.4999999403953552,1.2638747692108154,0.0,0.5,0.5,0.5,0.5
2,663.0,672.0,4056.0,4065.0,0.8608291149139404,0.9371904730796814,0.8588840365409851,0.3196500241756439,0.01,0.717682421207428,0.859533429145813,0.8581380844116211,0.8597715497016907,0.8577159643173218,576.0,576.0,576.0,576.0,0.5,0.6575829386711121,0.4999999403953552,1.1655534505844116,0.0,0.5,0.5,0.5,0.5
3,649.0,667.0,4061.0,4079.0,0.8620981574058533,0.941069483757019,0.8609239459037781,0.309015691280365,0.01,0.7216022610664368,0.8623164892196655,0.8594605922698975,0.8627326488494873,0.8588018417358398,576.0,576.0,576.0,576.0,0.5,0.6727400422096252,0.4999999403953552,1.1497434377670288,0.0,0.5,0.5,0.5,0.5
4,616.0,585.0,4143.0,4112.0,0.8730964660644531,0.9500783681869507,0.8726204633712769,0.286227822303772,0.0009999999,0.7460602521896362,0.8704668879508972,0.8754523992538452,0.8697123527526855,0.8761763572692871,576.0,576.0,576.0,576.0,0.5,0.6832844614982605,0.4999999403953552,0.9075518846511841,0.0,0.5,0.5,0.5,0.5
5,584.0,576.0,4152.0,4144.0,0.8771150708198547,0.9530735611915588,0.8773636817932129,0.27642467617988586,0.0009999999,0.7549911737442017,0.8768424987792969,0.8779661059379578,0.8764805197715759,0.8782577514648438,559.0,576.0,576.0,593.0,0.5,0.6565431356430054,0.510962724685669,0.7896255850791931,0.014759169891476631,0.5074688792228699,0.5072711706161499,0.5147569179534912,0.5
