epoch,FN,FP,TN,TP,accuracy,auc,f1_score,loss,lr,mcc,npv,precision,recall,specificity,val_FN,val_FP,val_TN,val_TP,val_accuracy,val_auc,val_f1_score,val_loss,val_mcc,val_npv,val_precision,val_recall,val_specificity
0,870.0,838.0,3898.0,3866.0,0.826224684715271,0.8979308605194092,0.8187955617904663,0.41782239079475403,0.01,0.639866054058075,0.818423330783844,0.821853756904602,0.8163006901741028,0.8230574131011963,608.0,608.0,608.0,608.0,0.5,0.5227057933807373,0.4999999403953552,1.3922029733657837,0.0,0.5,0.5,0.5,0.5
1,735.0,709.0,3993.0,3967.0,0.8477243781089783,0.9297752976417542,0.8458694219589233,0.3369145095348358,0.01,0.6930215954780579,0.8448140621185303,0.8483746647834778,0.8436835408210754,0.8490990996360779,608.0,608.0,608.0,608.0,0.5,0.5292830467224121,0.4999999403953552,1.4549951553344727,0.0,0.5,0.5,0.5,0.5
2,661.0,662.0,4040.0,4041.0,0.860272228717804,0.9378785490989685,0.8599936962127686,0.31819018721580505,0.01,0.7201415300369263,0.8603006601333618,0.8592388033866882,0.8594215512275696,0.8597410321235657,608.0,608.0,608.0,608.0,0.5,0.5272348523139954,0.4999999403953552,1.7027204036712646,0.0,0.5,0.5,0.5,0.5
3,636.0,640.0,4062.0,4066.0,0.8643130660057068,0.9409782290458679,0.8651612997055054,0.3090285658836365,0.01,0.7305792570114136,0.8656805157661438,0.8640034198760986,0.864738404750824,0.8648648858070374,608.0,608.0,608.0,608.0,0.5,0.5135998725891113,0.4999999403953552,1.7744463682174683,0.0,0.5,0.5,0.5,0.5
4,587.0,603.0,4099.0,4115.0,0.872607409954071,0.9477993249893188,0.8737030029296875,0.291369765996933,0.0009999999,0.7472130060195923,0.8751174211502075,0.8721916079521179,0.875159502029419,0.8717201948165894,608.0,608.0,608.0,608.0,0.5,0.4736179709434509,0.4999999403953552,1.905146598815918,0.0,0.5,0.5,0.5,0.5
5,577.0,571.0,4131.0,4125.0,0.8787750005722046,0.9520222544670105,0.8775202631950378,0.2796952426433563,0.0009999999,0.7553839683532715,0.8772821426391602,0.8784071803092957,0.8772862553596497,0.8782376646995544,608.0,608.0,608.0,608.0,0.5,0.45920586585998535,0.4999999403953552,1.9458589553833008,0.0,0.5,0.5,0.5,0.5
