epoch,FN,FP,TN,TP,accuracy,auc,f1_score,loss,lr,mcc,npv,precision,recall,specificity,val_FN,val_FP,val_TN,val_TP,val_accuracy,val_auc,val_f1_score,val_loss,val_mcc,val_npv,val_precision,val_recall,val_specificity
0,910.0,925.0,3875.0,3890.0,0.815625011920929,0.8920198082923889,0.8087281584739685,0.43114355206489563,0.01,0.6182800531387329,0.811028242111206,0.8078920245170593,0.8104166388511658,0.8072916865348816,576.0,576.0,576.0,576.0,0.5,0.505859375,0.4999999403953552,2.879465341567993,0.0,0.5,0.5,0.5,0.5
1,693.0,720.0,4060.0,4087.0,0.8550209403038025,0.9314989447593689,0.8522441387176514,0.33329322934150696,0.01,0.7041287422180176,0.8541417717933655,0.8502184152603149,0.8550209403038025,0.8491477370262146,576.0,576.0,576.0,576.0,0.5,0.54296875,0.4999999403953552,2.6878271102905273,0.0,0.5,0.5,0.5,0.5
2,649.0,661.0,4119.0,4131.0,0.8633891344070435,0.9412975907325745,0.8628531694412231,0.3092779219150543,0.01,0.7256180047988892,0.8638937473297119,0.8620617985725403,0.8642259240150452,0.8613446950912476,576.0,576.0,576.0,576.0,0.5,0.638550877571106,0.4999999403953552,2.0620944499969482,0.0,0.5,0.5,0.5,0.5
3,664.0,665.0,4115.0,4116.0,0.8598326444625854,0.940375804901123,0.8611719608306885,0.31133031845092773,0.01,0.7225671410560608,0.861376941204071,0.8609077334403992,0.8610878586769104,0.8611742258071899,576.0,576.0,576.0,576.0,0.5,0.6631386876106262,0.4999999403953552,1.5531044006347656,0.0,0.5,0.5,0.5,0.5
4,646.0,645.0,4135.0,4134.0,0.8667364120483398,0.9469845294952393,0.8647675514221191,0.2922097444534302,0.0009999999,0.729915976524353,0.8650956153869629,0.8650345206260681,0.86485356092453,0.8649621605873108,576.0,576.0,576.0,576.0,0.5,0.6702684760093689,0.4999999403953552,1.104110836982727,0.0,0.5,0.5,0.5,0.5
5,600.0,574.0,4206.0,4180.0,0.8797070980072021,0.9521182775497437,0.8771205544471741,0.2793295085430145,0.0009999999,0.7553109526634216,0.8758246898651123,0.8792595863342285,0.874476969242096,0.880227267742157,576.0,576.0,576.0,576.0,0.5,0.6318743824958801,0.4999999403953552,1.0410206317901611,0.0,0.5,0.5,0.5,0.5
