epoch,FN,FP,TN,TP,accuracy,auc,f1_score,loss,lr,mcc,npv,precision,recall,specificity,val_FN,val_FP,val_TN,val_TP,val_accuracy,val_auc,val_f1_score,val_loss,val_mcc,val_npv,val_precision,val_recall,val_specificity
0,918.0,889.0,3911.0,3882.0,0.8204166889190674,0.8968368172645569,0.8110713958740234,0.42121896147727966,0.01,0.6242910623550415,0.810682475566864,0.8136659264564514,0.8087499737739563,0.8147916793823242,576.0,576.0,576.0,576.0,0.5,0.594267725944519,0.4999999403953552,1.150805115699768,0.0,0.5,0.5,0.5,0.5
1,714.0,698.0,4102.0,4086.0,0.8525000214576721,0.9348974227905273,0.8527148962020874,0.32514461874961853,0.01,0.7060940265655518,0.8518482446670532,0.8540970087051392,0.8512499928474426,0.8545833230018616,576.0,576.0,576.0,576.0,0.5,0.5831536054611206,0.4999999403953552,1.1287755966186523,0.0,0.5,0.5,0.5,0.5
2,667.0,656.0,4144.0,4133.0,0.862291693687439,0.9398509860038757,0.8619458079338074,0.31298020482063293,0.01,0.7246155738830566,0.8617146015167236,0.8630194067955017,0.8610416650772095,0.8633333444595337,576.0,576.0,576.0,576.0,0.5,0.6143448352813721,0.4999999403953552,0.8978007435798645,0.0,0.5,0.5,0.5,0.5
3,636.0,649.0,4151.0,4164.0,0.8660416603088379,0.9447194337844849,0.8663230538368225,0.2999040484428406,0.01,0.7324882745742798,0.8673093914985657,0.865156888961792,0.8675000071525574,0.8647916913032532,576.0,576.0,576.0,576.0,0.5,0.6056420803070068,0.4999999403953552,1.0323001146316528,0.0,0.5,0.5,0.5,0.5
4,668.0,663.0,4137.0,4132.0,0.862708330154419,0.9414470195770264,0.861250102519989,0.30884480476379395,0.0009999999,0.7228732109069824,0.8611758351325989,0.8617309927940369,0.8608333468437195,0.8618749976158142,581.0,535.0,617.0,571.0,0.5,0.6062300801277161,0.5057583451271057,0.8580178618431091,0.03130258619785309,0.5148870944976807,0.5162748694419861,0.4956597089767456,0.5355902910232544
5,608.0,636.0,4164.0,4192.0,0.8725000023841858,0.9496757984161377,0.8707350492477417,0.2859833538532257,0.0009999999,0.7409902811050415,0.8728260397911072,0.8682684302330017,0.8733333349227905,0.8675000071525574,735.0,309.0,843.0,417.0,0.5,0.6229206919670105,0.44290831685066223,0.7754294872283936,0.10168033838272095,0.5343196392059326,0.5743801593780518,0.3619791567325592,0.7317708134651184
