epoch,FN,FP,TN,TP,accuracy,auc,f1_score,loss,lr,mcc,npv,precision,recall,specificity,val_FN,val_FP,val_TN,val_TP,val_accuracy,val_auc,val_f1_score,val_loss,val_mcc,val_npv,val_precision,val_recall,val_specificity
0,891.0,873.0,4055.0,4037.0,0.8277191519737244,0.90079665184021,0.8204244375228882,0.40936553478240967,0.01,0.6427062749862671,0.8208150863647461,0.8221995830535889,0.8191964030265808,0.8228490352630615,512.0,512.0,512.0,512.0,0.5,0.5293335914611816,0.4999999701976776,2.2871885299682617,0.0,0.5,0.5,0.5,0.5
1,715.0,734.0,4150.0,4169.0,0.8540130853652954,0.9299622774124146,0.8520790338516235,0.33967289328575134,0.01,0.7041141390800476,0.8534454703330994,0.8502957224845886,0.8536036014556885,0.8501623868942261,512.0,512.0,512.0,512.0,0.5,0.5653958320617676,0.4999999701976776,2.068235158920288,0.0,0.5,0.5,0.5,0.5
2,654.0,669.0,4215.0,4230.0,0.8658885955810547,0.9394931793212891,0.8648536205291748,0.31308549642562866,0.01,0.7295703887939453,0.8662081360816956,0.863441526889801,0.8660933375358582,0.8629058003425598,512.0,512.0,512.0,512.0,0.5,0.5659923553466797,0.4999999701976776,2.5601301193237305,0.0,0.5,0.5,0.5,0.5
3,674.0,672.0,4212.0,4210.0,0.8640458583831787,0.9408412575721741,0.8615715503692627,0.3098727762699127,0.01,0.7234768271446228,0.8617429137229919,0.8623514771461487,0.8619983792304993,0.8618506789207458,512.0,512.0,512.0,512.0,0.5,0.5773653984069824,0.4999999701976776,2.3080406188964844,0.0,0.5,0.5,0.5,0.5
4,626.0,643.0,4241.0,4258.0,0.8710073828697205,0.9467008113861084,0.870128870010376,0.2936972975730896,0.0009999999,0.7399526834487915,0.8713000416755676,0.8688023090362549,0.8718263506889343,0.8681818246841431,512.0,512.0,512.0,512.0,0.5,0.583406925201416,0.4999999701976776,1.8462953567504883,0.0,0.5,0.5,0.5,0.5
5,629.0,617.0,4267.0,4255.0,0.8732596039772034,0.9504445791244507,0.8717585206031799,0.2842947244644165,0.0009999999,0.7441812753677368,0.8712117671966553,0.8733579516410828,0.8712121248245239,0.8734577894210815,616.0,288.0,736.0,408.0,0.5,0.5949115753173828,0.47175297141075134,1.664673089981079,0.12573416531085968,0.5446664690971375,0.5862069129943848,0.3984375,0.71875
