epoch,FN,FP,TN,TP,accuracy,auc,f1_score,loss,lr,mcc,npv,precision,recall,specificity,val_FN,val_FP,val_TN,val_TP,val_accuracy,val_auc,val_f1_score,val_loss,val_mcc,val_npv,val_precision,val_recall,val_specificity
0,913.0,903.0,3897.0,3887.0,0.8191666603088379,0.8982235789299011,0.8106870055198669,0.4149038791656494,0.01,0.6220691204071045,0.8103375434875488,0.8114822506904602,0.8097916841506958,0.8118749856948853,544.0,544.0,544.0,544.0,0.5,0.6697655916213989,0.4999999403953552,1.6905715465545654,0.0,0.5,0.5,0.5,0.5
1,692.0,706.0,4090.0,4104.0,0.8594661951065063,0.9349895715713501,0.8545294404029846,0.3254016637802124,0.01,0.7087038159370422,0.8552663922309875,0.8532224297523499,0.8557130694389343,0.8527361154556274,544.0,544.0,544.0,544.0,0.5,0.663521409034729,0.4999999403953552,2.1224794387817383,0.0,0.5,0.5,0.5,0.5
2,653.0,686.0,4110.0,4143.0,0.8621768355369568,0.9400856494903564,0.8607861399650574,0.31220605969429016,0.01,0.7210522294044495,0.8632780909538269,0.8579416275024414,0.8638448715209961,0.8569027781486511,544.0,544.0,544.0,544.0,0.5,0.6688557863235474,0.4999999403953552,2.2304019927978516,0.0,0.5,0.5,0.5,0.5
3,653.0,656.0,4140.0,4143.0,0.8648874163627625,0.9415874481201172,0.8635851144790649,0.3097952902317047,0.01,0.7273613810539246,0.8639985918998718,0.863304853439331,0.8638448715209961,0.8632082939147949,544.0,544.0,544.0,544.0,0.5,0.6820330619812012,0.4999999403953552,1.7709847688674927,0.0,0.5,0.5,0.5,0.5
4,583.0,619.0,4177.0,4213.0,0.8761467933654785,0.9514003992080688,0.875180184841156,0.28173965215682983,0.0009999999,0.7496312260627747,0.8776453733444214,0.8718956708908081,0.8784403800964355,0.8709166646003723,544.0,544.0,544.0,544.0,0.5,0.6815667152404785,0.4999999403953552,1.4339685440063477,0.0,0.5,0.5,0.5,0.5
5,594.0,608.0,4188.0,4202.0,0.8759382963180542,0.9522848129272461,0.8748288154602051,0.2790156900882721,0.0009999999,0.7495993971824646,0.8760433197021484,0.8735966682434082,0.8761467933654785,0.8732222318649292,544.0,544.0,544.0,544.0,0.5,0.6867414116859436,0.4999999403953552,1.2375444173812866,0.0,0.5,0.5,0.5,0.5
