folder,network,DenseNum,DropOut,FreezePercentage,BatchSize,epoch,accuracy,precision,sensitivity,specificity,f1_score,npv,mcc,auc,TP,TN,FP,FN,runtime,val_accuracy,val_precision,val_sensitivity,val_specificity,val_f1_score,val_npv,val_mcc,val_auc,val_TP,val_TN,val_FP,val_FN,val_runtime
C:\PIBITI\william-cardoso\6_resultados\Dataset01_90.0\MobileNetV2\metrics,MobileNetV2,128,0.3,0.3,16,8,0.9963967800140381,0.9961856603622437,0.9963967800140381,0.9961864352226257,0.9963083863258362,0.9963700771331787,0.9925892949104309,0.9997808337211609,4701.0,4700.0,18.0,17.0,83.27032208442688,0.9810126423835754,0.9825673699378967,0.9810126423835754,0.982594907283783,0.9817783236503601,0.9811057448387146,0.9636540412902832,0.9959694147109985,1240.0,1242.0,22.0,24.0,2.8936779499053955
