epoch,FN,FP,TN,TP,accuracy,auc,f1_score,loss,lr,mcc,npv,precision,recall,specificity,val_FN,val_FP,val_TN,val_TP,val_accuracy,val_auc,val_f1_score,val_loss,val_mcc,val_npv,val_precision,val_recall,val_specificity
0,789.0,789.0,4011.0,4011.0,0.8447916507720947,0.9162882566452026,0.8357653617858887,0.37602609395980835,0.01,0.6716179251670837,0.8355599641799927,0.8356249928474426,0.8356249928474426,0.8356249928474426,576.0,576.0,576.0,576.0,0.5,0.5,0.4999999403953552,5.286160945892334,0.0,0.5,0.5,0.5,0.5
1,535.0,538.0,4242.0,4245.0,0.8876569271087646,0.9560943245887756,0.8875930905342102,0.26926934719085693,0.01,0.7752256989479065,0.8879019021987915,0.8875182867050171,0.8880752921104431,0.8872538208961487,576.0,576.0,576.0,576.0,0.5,0.5,0.4999999403953552,7.069059371948242,0.0,0.5,0.5,0.5,0.5
2,451.0,460.0,4320.0,4329.0,0.9066945314407349,0.9644147753715515,0.9048120975494385,0.24105727672576904,0.01,0.8095647096633911,0.9055905938148499,0.9039465188980103,0.9056485295295715,0.9037878513336182,576.0,576.0,576.0,576.0,0.5,0.5,0.4999999403953552,8.841435432434082,0.0,0.5,0.5,0.5,0.5
3,435.0,435.0,4345.0,4345.0,0.9092050194740295,0.9715957045555115,0.9092065691947937,0.21566414833068848,0.01,0.8184288740158081,0.9091935157775879,0.9089958071708679,0.9089958071708679,0.9091855883598328,576.0,576.0,576.0,576.0,0.5,0.5,0.4999999403953552,13.463961601257324,0.0,0.5,0.5,0.5,0.5
4,382.0,381.0,4399.0,4398.0,0.9202929139137268,0.9759213328361511,0.9201560616493225,0.1974801868200302,0.0009999999,0.8403573632240295,0.920077383518219,0.9202762246131897,0.9200837016105652,0.9202461838722229,576.0,576.0,576.0,576.0,0.5,0.5017361044883728,0.4999999403953552,10.69449520111084,0.0,0.5,0.5,0.5,0.5
5,308.0,303.0,4477.0,4472.0,0.9370293021202087,0.9829514026641846,0.9360395073890686,0.16544196009635925,0.0009999999,0.8721855878829956,0.935651421546936,0.9365444779396057,0.9355648756027222,0.9365909099578857,576.0,576.0,576.0,576.0,0.5,0.5491031408309937,0.4999999403953552,3.064990520477295,0.0,0.5,0.5,0.5,0.5
