epoch,FN,FP,TN,TP,accuracy,auc,f1_score,loss,lr,mcc,npv,precision,recall,specificity,val_FN,val_FP,val_TN,val_TP,val_accuracy,val_auc,val_f1_score,val_loss,val_mcc,val_npv,val_precision,val_recall,val_specificity
0,776.0,792.0,3944.0,3960.0,0.8382601141929626,0.9143020510673523,0.8348439335823059,0.3777009844779968,0.01,0.6691272854804993,0.8353894352912903,0.8333333134651184,0.8361486196517944,0.8327702879905701,608.0,608.0,608.0,608.0,0.5,0.5603402853012085,0.4999999403953552,3.9636189937591553,0.0,0.5,0.5,0.5,0.5
1,502.0,497.0,4209.0,4204.0,0.8933276534080505,0.9580841660499573,0.8937968611717224,0.26183271408081055,0.01,0.7878228425979614,0.8934792280197144,0.894277811050415,0.8933276534080505,0.894500195980072,608.0,608.0,608.0,608.0,0.5,0.5,0.4999999403953552,5.938648700714111,0.0,0.5,0.5,0.5,0.5
2,447.0,441.0,4265.0,4259.0,0.9043774008750916,0.9678682684898376,0.9056229591369629,0.2294401079416275,0.01,0.811436653137207,0.9052406549453735,0.9061701893806458,0.9050148725509644,0.906324565410614,608.0,608.0,608.0,608.0,0.5,0.5,0.4999999403953552,7.224691867828369,0.0,0.5,0.5,0.5,0.5
3,453.0,448.0,4258.0,4253.0,0.9048023819923401,0.9697732925415039,0.9042508006095886,0.22310121357440948,0.01,0.8086715936660767,0.903954803943634,0.9047011137008667,0.9037399291992188,0.9048464894294739,608.0,608.0,608.0,608.0,0.5,0.5,0.4999999403953552,10.539384841918945,0.0,0.5,0.5,0.5,0.5
4,393.0,385.0,4321.0,4313.0,0.917339563369751,0.9762210249900818,0.9166590571403503,0.19793444871902466,0.0009999999,0.8335253000259399,0.9161030650138855,0.918050229549408,0.9164896011352539,0.9175899624824524,608.0,608.0,608.0,608.0,0.5,0.5,0.4999999403953552,9.08907413482666,0.0,0.5,0.5,0.5,0.5
5,282.0,280.0,4426.0,4424.0,0.9398639798164368,0.9843668937683105,0.9404780268669128,0.16046202182769775,0.0009999999,0.880990207195282,0.9403011202812195,0.9404761791229248,0.940076470375061,0.9406920671463013,608.0,608.0,608.0,608.0,0.5,0.5,0.4999999403953552,10.573271751403809,0.0,0.5,0.5,0.5,0.5
