epoch,FN,FP,TN,TP,accuracy,auc,f1_score,loss,lr,mcc,npv,precision,recall,specificity,val_FN,val_FP,val_TN,val_TP,val_accuracy,val_auc,val_f1_score,val_loss,val_mcc,val_npv,val_precision,val_recall,val_specificity
0,827.0,818.0,4046.0,4037.0,0.8367598652839661,0.9113838076591492,0.8303951621055603,0.38442403078079224,0.01,0.6621125340461731,0.831078052520752,0.8315138816833496,0.8299753069877625,0.8318256735801697,544.0,544.0,544.0,544.0,0.5,0.5,0.4999999403953552,4.96740198135376,0.0,0.5,0.5,0.5,0.5
1,541.0,540.0,4310.0,4309.0,0.8890721797943115,0.956278920173645,0.888546884059906,0.2682259976863861,0.01,0.7771245837211609,0.8884501457214355,0.8886368274688721,0.8884536027908325,0.8886349201202393,544.0,544.0,544.0,544.0,0.5,0.5,0.4999999403953552,10.021202087402344,0.0,0.5,0.5,0.5,0.5
2,454.0,446.0,4404.0,4396.0,0.907216489315033,0.9644827246665955,0.9072719216346741,0.24112261831760406,0.01,0.8147949576377869,0.9067898988723755,0.9078893065452576,0.9063917398452759,0.9081907868385315,544.0,544.0,544.0,544.0,0.5,0.5,0.4999999403953552,10.137107849121094,0.0,0.5,0.5,0.5,0.5
3,443.0,444.0,4406.0,4407.0,0.9082474112510681,0.9705414772033691,0.9087722897529602,0.21992361545562744,0.01,0.8175566792488098,0.9088732004165649,0.90847247838974,0.908659815788269,0.9086594581604004,544.0,544.0,544.0,544.0,0.5,0.5,0.4999999403953552,13.090094566345215,0.0,0.5,0.5,0.5,0.5
4,413.0,416.0,4434.0,4437.0,0.9142268300056458,0.9747839570045471,0.9145305156707764,0.20523808896541595,0.0009999999,0.8290101289749146,0.9147487282752991,0.9142798185348511,0.91484534740448,0.9141858816146851,544.0,544.0,544.0,544.0,0.5,0.5,0.4999999403953552,9.952446937561035,0.0,0.5,0.5,0.5,0.5
5,304.0,302.0,4548.0,4546.0,0.938144326210022,0.9837211966514587,0.9375183582305908,0.16554976999759674,0.0009999999,0.8750947713851929,0.9373817443847656,0.9377062916755676,0.9373195767402649,0.9377385377883911,544.0,544.0,544.0,544.0,0.5,0.5004595518112183,0.4999999403953552,7.594571113586426,0.0,0.5,0.5,0.5,0.5
