folder,network,DenseNum,DropOut,FreezePercentage,BatchSize,epoch,accuracy,precision,sensitivity,specificity,f1_score,npv,mcc,auc,TP,TN,FP,FN,runtime,val_accuracy,val_precision,val_sensitivity,val_specificity,val_f1_score,val_npv,val_mcc,val_auc,val_TP,val_TN,val_FP,val_FN,val_runtime
C:\PIBITI\william-cardoso\6_resultados\Dataset01_100\DenseNet201\metrics,DenseNet201,128,0.3,0.3,16,5,0.9980924129486084,0.9983036518096924,0.9978804588317871,0.9982748627662659,0.998056173324585,0.997875988483429,0.996138334274292,0.9999940395355225,4708.0,4710.0,8.0,10.0,266.49272322654724,0.9889240264892578,0.9904837608337402,0.988132894039154,0.9905063509941101,0.9892047643661499,0.9884122014045715,0.9786996841430664,0.9964784383773804,1249.0,1252.0,12.0,15.0,13.632868528366089
