folder,network,DenseNum,DropOut,FreezePercentage,BatchSize,epoch,accuracy,precision,sensitivity,specificity,f1_score,npv,mcc,auc,TP,TN,FP,FN,runtime,val_accuracy,val_precision,val_sensitivity,val_specificity,val_f1_score,val_npv,val_mcc,val_auc,val_TP,val_TN,val_FP,val_FN,val_runtime
C:\PIBITI\william-cardoso\6_resultados\Dataset01_100\InceptionV3\metrics,InceptionV3,128,0.3,0.3,16,0,0.9332627058029175,0.9322429895401001,0.9298728704452515,0.932415246963501,0.9307803511619568,0.9309869408607483,0.8627892136573792,0.9767032861709595,4389.0,4401.0,319.0,331.0,72.78225541114807,0.9802215099334717,0.9786897897720337,0.9810126423835754,0.9786392450332642,0.9799098968505859,0.9809072017669678,0.9597154259681702,0.9935035109519958,1240.0,1237.0,27.0,24.0,5.636959075927734
