epoch,FN,FP,TN,TP,accuracy,auc,f1_score,loss,lr,mcc,npv,precision,recall,specificity,val_FN,val_FP,val_TN,val_TP,val_accuracy,val_auc,val_f1_score,val_loss,val_mcc,val_npv,val_precision,val_recall,val_specificity
0,673.0,704.0,4096.0,4127.0,0.8635416626930237,0.9400343894958496,0.8567270040512085,0.322935551404953,0.01,0.7136836647987366,0.8598832488059998,0.8542744517326355,0.8597916960716248,0.8533333539962769,447.0,200.0,952.0,705.0,0.7022569179534912,0.8279765248298645,0.6848830580711365,0.5763863921165466,0.44940507411956787,0.6811406016349792,0.7790055274963379,0.6119791865348816,0.8263888955116272
1,463.0,470.0,4268.0,4275.0,0.903756856918335,0.9662044048309326,0.8985370993614197,0.2360929548740387,0.01,0.8003963232040405,0.8993456959724426,0.9009483456611633,0.9022794365882874,0.9020833373069763,550.0,553.0,599.0,602.0,0.5208333134651184,0.7267783880233765,0.5218560695648193,1.577244520187378,0.042536523193120956,0.5213844776153564,0.521212100982666,0.5225694179534912,0.5199652910232544
2,469.0,483.0,4255.0,4269.0,0.9003798961639404,0.9677656888961792,0.9010425806045532,0.22982022166252136,0.01,0.8018661737442017,0.9020429253578186,0.8983585834503174,0.9010130763053894,0.8993750214576721,544.0,546.0,606.0,608.0,0.5269097089767456,0.7323042750358582,0.5273377895355225,1.490866780281067,0.05382304638624191,0.5268996953964233,0.5268630981445312,0.5277777910232544,0.5260416865348816
3,637.0,647.0,4091.0,4101.0,0.865766167640686,0.9350305199623108,0.8599169850349426,0.3290458619594574,0.01,0.7198575735092163,0.8608038425445557,0.863732099533081,0.8655551075935364,0.8587499856948853,576.0,576.0,576.0,576.0,0.5,0.5073784589767456,0.4999999403953552,4.502184867858887,0.0,0.5,0.5,0.5,0.5
4,491.0,502.0,4236.0,4247.0,0.8961586952209473,0.9641851782798767,0.8966333270072937,0.24396228790283203,0.0009999999,0.7933610081672668,0.8977682590484619,0.8942935466766357,0.8963697552680969,0.8954166769981384,576.0,576.0,576.0,576.0,0.5,0.5169271230697632,0.4999999403953552,3.7527647018432617,0.0,0.5,0.5,0.5,0.5
5,649.0,594.0,4144.0,4089.0,0.8735753297805786,0.9439607262611389,0.8566487431526184,0.30414682626724243,0.0009999999,0.7154273390769958,0.8539507985115051,0.8731582164764404,0.8630223870277405,0.8633333444595337,574.0,576.0,576.0,578.0,0.5017361044883728,0.5599089860916138,0.5012819766998291,3.0087928771972656,0.0017369594424962997,0.5008960366249084,0.5008665323257446,0.5017361044883728,0.5
