epoch,FN,FP,TN,TP,accuracy,auc,f1_score,loss,lr,mcc,npv,precision,recall,specificity,val_FN,val_FP,val_TN,val_TP,val_accuracy,val_auc,val_f1_score,val_loss,val_mcc,val_npv,val_precision,val_recall,val_specificity
0,615.0,585.0,4343.0,4313.0,0.8900162577629089,0.9536008238792419,0.8775836825370789,0.2821122705936432,0.01,0.7568879723548889,0.8768073916435242,0.880563497543335,0.8752028942108154,0.8812905550003052,292.0,295.0,729.0,732.0,0.7177734375,0.8299417495727539,0.7136167883872986,0.788244903087616,0.42680132389068604,0.7143763303756714,0.7127556204795837,0.71484375,0.7119140625
1,410.0,419.0,4455.0,4464.0,0.9162905216217041,0.9732751250267029,0.9154974222183228,0.20914539694786072,0.01,0.8310056328773499,0.9167879819869995,0.9141920804977417,0.9158802032470703,0.9138798713684082,347.0,302.0,722.0,677.0,0.681640625,0.8000621795654297,0.6757798194885254,0.9349365234375,0.36662712693214417,0.6757368445396423,0.691521942615509,0.6611328125,0.705078125
2,423.0,412.0,4462.0,4451.0,0.912392258644104,0.9745787382125854,0.9119231104850769,0.20427890121936798,0.01,0.8241738677024841,0.9111822843551636,0.9152786135673523,0.9132129549980164,0.9131087064743042,456.0,415.0,609.0,568.0,0.572265625,0.6876182556152344,0.5663326978683472,1.9231055974960327,0.14962416887283325,0.571219265460968,0.5778229832649231,0.5546875,0.5947265625
3,395.0,388.0,4486.0,4479.0,0.9185473918914795,0.9784569144248962,0.9175772666931152,0.18809881806373596,0.01,0.835795521736145,0.9171642661094666,0.9202794432640076,0.9189577102661133,0.9190747141838074,458.0,411.0,613.0,566.0,0.5732421875,0.7229762077331543,0.5659212470054626,1.574965238571167,0.15165925025939941,0.5718556046485901,0.57932448387146,0.552734375,0.5986328125
4,273.0,271.0,4603.0,4601.0,0.9454246759414673,0.987112283706665,0.9447991251945496,0.14435595273971558,0.0009999999,0.8897354602813721,0.9447298645973206,0.9443760514259338,0.9439885020256042,0.9450080990791321,455.0,403.0,621.0,569.0,0.576171875,0.7185878753662109,0.5706930160522461,1.624812126159668,0.16254669427871704,0.5760831236839294,0.5853909254074097,0.5556640625,0.6064453125
5,251.0,243.0,4631.0,4623.0,0.9493229389190674,0.9900999665260315,0.9497919678688049,0.12694913148880005,0.0009999999,0.8998860120773315,0.9493610262870789,0.9500616788864136,0.948502242565155,0.9506899118423462,451.0,388.0,636.0,573.0,0.58203125,0.71881103515625,0.5782656669616699,1.6195987462997437,0.18145914375782013,0.5834324359893799,0.5962539315223694,0.5595703125,0.62109375
