epoch,FN,FP,TN,TP,accuracy,auc,f1_score,loss,lr,mcc,npv,precision,recall,specificity,val_FN,val_FP,val_TN,val_TP,val_accuracy,val_auc,val_f1_score,val_loss,val_mcc,val_npv,val_precision,val_recall,val_specificity
0,528.0,527.0,4273.0,4272.0,0.9014583230018616,0.9605476260185242,0.8902521729469299,0.25877729058265686,0.01,0.780524492263794,0.889961838722229,0.8901854753494263,0.8899999856948853,0.8902083039283752,315.0,153.0,999.0,837.0,0.8003472089767456,0.8982574343681335,0.7811765074729919,0.5283797383308411,0.6003671884536743,0.7609478831291199,0.8454545736312866,0.7265625,0.8671875
1,517.0,547.0,4191.0,4221.0,0.8889827132225037,0.9531614780426025,0.8830174803733826,0.2829780876636505,0.01,0.7657424807548523,0.8854721188545227,0.8852768540382385,0.8908822536468506,0.8795833587646484,1010.0,17.0,1135.0,142.0,0.6545138955116272,0.7293373346328735,0.2135816216468811,0.7014390230178833,0.2081756293773651,0.5294655561447144,0.893081784248352,0.1232638880610466,0.9852430820465088
2,425.0,442.0,4296.0,4313.0,0.9109328985214233,0.969964325428009,0.9034227728843689,0.22153769433498383,0.01,0.8067362308502197,0.9048617482185364,0.9070452451705933,0.9102997183799744,0.9014583230018616,576.0,576.0,576.0,576.0,0.5,0.49821868538856506,0.4999999403953552,2.5391530990600586,0.0,0.5,0.5,0.5,0.5
3,555.0,550.0,4188.0,4183.0,0.887505292892456,0.9512381553649902,0.8783217072486877,0.2830713987350464,0.01,0.7570824027061462,0.8783183693885803,0.8837946057319641,0.8828619718551636,0.8789583444595337,576.0,576.0,576.0,576.0,0.5,0.5,0.4999999403953552,11.170967102050781,0.0,0.5,0.5,0.5,0.5
4,435.0,450.0,4288.0,4303.0,0.9094554781913757,0.9712517857551575,0.9014236330986023,0.2177981734275818,0.0009999999,0.8029107451438904,0.9029503464698792,0.9053229689598083,0.9081891179084778,0.8997916579246521,576.0,576.0,576.0,576.0,0.5,0.5,0.4999999403953552,9.865114212036133,0.0,0.5,0.5,0.5,0.5
5,402.0,359.0,4379.0,4336.0,0.9227522015571594,0.9760206341743469,0.9138838648796082,0.2001725733280182,0.0009999999,0.828707754611969,0.9107100367546082,0.9235357046127319,0.9151540994644165,0.918749988079071,576.0,576.0,576.0,576.0,0.5,0.5,0.4999999403953552,9.32638168334961,0.0,0.5,0.5,0.5,0.5
