epoch,FN,FP,TN,TP,accuracy,auc,f1_score,loss,lr,mcc,npv,precision,recall,specificity,val_FN,val_FP,val_TN,val_TP,val_accuracy,val_auc,val_f1_score,val_loss,val_mcc,val_npv,val_precision,val_recall,val_specificity
0,292.0,289.0,4639.0,4636.0,0.9519074559211731,0.9864987134933472,0.9408373236656189,0.1486458033323288,0.01,0.8823298811912537,0.941356897354126,0.9413198232650757,0.9407467246055603,0.9413555264472961,71.0,62.0,962.0,953.0,0.9384765625,0.982213020324707,0.9347313642501831,0.1691504865884781,0.870281994342804,0.9314562082290649,0.9389162659645081,0.9306640625,0.939453125
1,67.0,70.0,4814.0,4817.0,0.9862817525863647,0.9988580942153931,0.9856680631637573,0.04198462888598442,0.01,0.9713501334190369,0.9859715104103088,0.9856762886047363,0.9862817525863647,0.9853489995002747,99.0,91.0,933.0,925.0,0.9052734375,0.9617619514465332,0.9068352580070496,0.3394148349761963,0.8145986199378967,0.9042220115661621,0.9104330539703369,0.9033203125,0.9111328125
2,18.0,20.0,4864.0,4866.0,0.9971334934234619,0.9999356269836426,0.9959182739257812,0.012666519731283188,0.01,0.9918844103813171,0.9959471225738525,0.99590665102005,0.996314525604248,0.9959415793418884,108.0,112.0,912.0,916.0,0.892578125,0.9403762817382812,0.8927590847015381,0.4868486225605011,0.7851934432983398,0.894203245639801,0.8910505771636963,0.89453125,0.890625
3,21.0,16.0,4868.0,4863.0,0.996314525604248,0.9996630549430847,0.9960258603096008,0.014485162682831287,0.01,0.9920733571052551,0.995760440826416,0.9967206120491028,0.9957002401351929,0.9963067770004272,82.0,84.0,940.0,942.0,0.919921875,0.950439453125,0.9189740419387817,0.4406965374946594,0.8379297256469727,0.9199001789093018,0.9181286692619324,0.919921875,0.91796875
4,10.0,12.0,4872.0,4874.0,0.9975429773330688,0.9999746084213257,0.9977833032608032,0.006622570566833019,0.0009999999,0.9955531358718872,0.9979571104049683,0.99754399061203,0.9979525208473206,0.9975649118423462,87.0,83.0,941.0,937.0,0.9189453125,0.9484491348266602,0.916853666305542,0.4545370042324066,0.8340106010437012,0.915339469909668,0.9186274409294128,0.9150390625,0.9189453125
5,3.0,4.0,4880.0,4881.0,0.9995905160903931,0.9999989867210388,0.9992889761924744,0.0034029586240649223,0.0009999999,0.9985842108726501,0.9993974566459656,0.9991811513900757,0.9993857741355896,0.9991883039474487,79.0,81.0,943.0,945.0,0.921875,0.9547586441040039,0.9219505786895752,0.41964423656463623,0.8437628746032715,0.9227120876312256,0.9210526347160339,0.9228515625,0.9208984375
