folder,network,DenseNum,DropOut,FreezePercentage,BatchSize,epoch,accuracy,precision,sensitivity,specificity,f1_score,npv,mcc,auc,TP,TN,FP,FN,runtime,val_accuracy,val_precision,val_sensitivity,val_specificity,val_f1_score,val_npv,val_mcc,val_auc,val_TP,val_TN,val_FP,val_FN,val_runtime
C:\PIBITI\william-cardoso\6_resultados\Dataset01_100\MobileNetV2\metrics,MobileNetV2,128,0.3,0.3,16,8,0.9983043670654297,0.9980924129486084,0.9980924129486084,0.9980932474136353,0.9980930089950562,0.9981056451797485,0.996198832988739,0.9999337196350098,4709.0,4709.0,9.0,9.0,84.34013175964355,0.9833860993385315,0.9833860993385315,0.9833860993385315,0.9833860993385315,0.9833860993385315,0.9833860993385315,0.9667721390724182,0.9945865273475647,1243.0,1243.0,21.0,21.0,2.8314402103424072
