epoch,FN,FP,TN,TP,accuracy,auc,f1_score,loss,lr,mcc,npv,precision,recall,specificity,val_FN,val_FP,val_TN,val_TP,val_accuracy,val_auc,val_f1_score,val_loss,val_mcc,val_npv,val_precision,val_recall,val_specificity
0,981.0,967.0,3769.0,3755.0,0.7964527010917664,0.8683115839958191,0.7933406829833984,0.4613957405090332,0.01,0.5889930725097656,0.7949343919754028,0.7952138781547546,0.7928631901741028,0.7958192825317383,0.0,1216.0,0.0,1216.0,0.7771381735801697,0.8176235556602478,0.6666666865348816,1.6481218338012695,0.0,0.0,0.5,1.0,0.0
1,583.0,585.0,4119.0,4121.0,0.8752126097679138,0.9470993280410767,0.8765292763710022,0.29478156566619873,0.01,0.7530062794685364,0.8766271471977234,0.8756905794143677,0.8760629296302795,0.8762668967247009,608.0,608.0,608.0,608.0,0.5,0.5434353947639465,0.4999999403953552,3.650391101837158,0.0,0.5,0.5,0.5,0.5
2,539.0,549.0,4155.0,4165.0,0.884353756904602,0.9550172090530396,0.884190022945404,0.271548330783844,0.01,0.7682086825370789,0.8849583268165588,0.8835384249687195,0.8854166865348816,0.8830236196517944,608.0,608.0,608.0,608.0,0.5,0.5008223652839661,0.4999999403953552,5.036994934082031,0.0,0.5,0.5,0.5,0.5
3,487.0,480.0,4224.0,4217.0,0.8975340127944946,0.9619405269622803,0.8971951603889465,0.2493729293346405,0.01,0.7945895791053772,0.896730899810791,0.8978071212768555,0.8964710831642151,0.8980152010917664,595.0,600.0,616.0,621.0,0.5082237124443054,0.5611778497695923,0.5095502734184265,3.3993618488311768,0.017275260761380196,0.5088397264480591,0.5085995197296143,0.5106908082962036,0.5065789222717285
4,498.0,490.0,4214.0,4206.0,0.8945578336715698,0.9630511999130249,0.8939335942268372,0.24671830236911774,0.0009999999,0.7880417108535767,0.8933283686637878,0.8956558704376221,0.894132673740387,0.8948479890823364,555.0,563.0,653.0,661.0,0.5402960777282715,0.6168465614318848,0.5416881442070007,2.6353867053985596,0.08060839027166367,0.5407755970954895,0.540032684803009,0.5435855388641357,0.5370065569877625
5,435.0,444.0,4260.0,4269.0,0.9066751599311829,0.9706060290336609,0.9068810939788818,0.2201123982667923,0.0009999999,0.8135809898376465,0.9075441360473633,0.9057924747467041,0.9075255393981934,0.9058277010917664,420.0,428.0,788.0,796.0,0.6521381735801697,0.7711283564567566,0.6524018049240112,1.2824606895446777,0.3026578724384308,0.6524350047111511,0.6503267884254456,0.6546052694320679,0.6480262875556946
