epoch,FN,FP,TN,TP,accuracy,auc,f1_score,loss,lr,mcc,npv,precision,recall,specificity,val_FN,val_FP,val_TN,val_TP,val_accuracy,val_auc,val_f1_score,val_loss,val_mcc,val_npv,val_precision,val_recall,val_specificity
0,847.0,853.0,3883.0,3889.0,0.8217905163764954,0.8988428711891174,0.820902407169342,0.41103580594062805,0.01,0.6411384344100952,0.8203571438789368,0.8201180696487427,0.8211570978164673,0.8198902010917664,608.0,608.0,608.0,608.0,0.5,0.5,0.4999999403953552,7.657339096069336,0.0,0.5,0.5,0.5,0.5
1,511.0,509.0,4193.0,4191.0,0.8908975124359131,0.9561277031898499,0.891084611415863,0.2687619924545288,0.01,0.7822813987731934,0.8910121321678162,0.8917021155357361,0.8913228511810303,0.891328752040863,608.0,608.0,608.0,608.0,0.5,0.5,0.4999999403953552,6.525295257568359,0.0,0.5,0.5,0.5,0.5
2,511.0,505.0,4197.0,4191.0,0.8917481899261475,0.9619102478027344,0.8916416764259338,0.25055670738220215,0.01,0.7836055159568787,0.8914598226547241,0.8924616575241089,0.8913228511810303,0.8924127817153931,608.0,608.0,608.0,608.0,0.5,0.5,0.4999999403953552,6.326875686645508,0.0,0.5,0.5,0.5,0.5
3,460.0,470.0,4232.0,4242.0,0.9011059403419495,0.968243420124054,0.9015665054321289,0.22829607129096985,0.01,0.802993655204773,0.9022443890571594,0.9002546668052673,0.9021692872047424,0.9005208611488342,608.0,608.0,608.0,608.0,0.5,0.5,0.4999999403953552,6.52070426940918,0.0,0.5,0.5,0.5,0.5
4,449.0,460.0,4242.0,4253.0,0.9030199646949768,0.9672684669494629,0.9041556119918823,0.23280872404575348,0.0009999999,0.8080995678901672,0.9049791097640991,0.902397632598877,0.9045087099075317,0.9028716087341309,608.0,608.0,608.0,608.0,0.5,0.5,0.4999999403953552,5.690113067626953,0.0,0.5,0.5,0.5,0.5
5,342.0,348.0,4354.0,4360.0,0.9257762432098389,0.979718804359436,0.9262479543685913,0.18218062818050385,0.0009999999,0.8524240255355835,0.9267557263374329,0.9260832667350769,0.9272649884223938,0.9255630970001221,608.0,608.0,608.0,608.0,0.5,0.5,0.4999999403953552,8.503325462341309,0.0,0.5,0.5,0.5,0.5
