epoch,FN,FP,TN,TP,accuracy,auc,f1_score,loss,lr,mcc,npv,precision,recall,specificity,val_FN,val_FP,val_TN,val_TP,val_accuracy,val_auc,val_f1_score,val_loss,val_mcc,val_npv,val_precision,val_recall,val_specificity
0,735.0,728.0,4072.0,4065.0,0.8497916460037231,0.9229170083999634,0.8475475311279297,0.3633155822753906,0.01,0.6954793334007263,0.847152590751648,0.8481118083000183,0.846875011920929,0.8483333587646484,65.0,707.0,445.0,1087.0,0.7421875,0.8188736438751221,0.7375230193138123,0.6345545649528503,0.4012923538684845,0.8834974765777588,0.6059085726737976,0.9435763955116272,0.3862847089767456
1,435.0,437.0,4307.0,4309.0,0.9097808003425598,0.9693604707717896,0.9083694219589233,0.22425130009651184,0.01,0.8171107769012451,0.9082543849945068,0.9079224467277527,0.9083052277565002,0.9089583158493042,576.0,576.0,576.0,576.0,0.5,0.5,0.4999999403953552,5.152598857879639,0.0,0.5,0.5,0.5,0.5
2,428.0,446.0,4298.0,4316.0,0.9083052277565002,0.9722014665603638,0.904732882976532,0.21352456510066986,0.01,0.8093093633651733,0.9062855839729309,0.9063418507575989,0.9097808003425598,0.9027083516120911,576.0,576.0,576.0,576.0,0.5,0.5,0.4999999403953552,7.223025798797607,0.0,0.5,0.5,0.5,0.5
3,338.0,350.0,4394.0,4406.0,0.9272765517234802,0.9799487590789795,0.9269595146179199,0.1818026900291443,0.01,0.8538147211074829,0.9280146360397339,0.9264087677001953,0.9287521243095398,0.9256250262260437,335.0,357.0,795.0,817.0,0.6953125,0.8164322376251221,0.7022791504859924,1.0444451570510864,0.39948442578315735,0.7040323615074158,0.6959114074707031,0.7092013955116272,0.6901041865348816
4,331.0,314.0,4430.0,4413.0,0.9333895444869995,0.9808244109153748,0.9326300024986267,0.17733050882816315,0.0009999999,0.8657240867614746,0.9314956665039062,0.9335730671882629,0.9302276372909546,0.934583306312561,574.0,574.0,578.0,578.0,0.5017361044883728,0.5060869455337524,0.501736044883728,5.822321891784668,0.0034722222480922937,0.5017361044883728,0.5017361044883728,0.5017361044883728,0.5017361044883728
5,258.0,263.0,4481.0,4486.0,0.9451939463615417,0.9873457551002502,0.9423154592514038,0.14324182271957397,0.0009999999,0.8842554688453674,0.9429296851158142,0.94461989402771,0.9456155300140381,0.940833330154419,358.0,362.0,790.0,794.0,0.6883680820465088,0.7790234088897705,0.6880232095718384,1.2689765691757202,0.375017374753952,0.6881960034370422,0.6868512034416199,0.6892361044883728,0.6857638955116272
