epoch,FN,FP,TN,TP,accuracy,auc,f1_score,loss,lr,mcc,npv,precision,recall,specificity,val_FN,val_FP,val_TN,val_TP,val_accuracy,val_auc,val_f1_score,val_loss,val_mcc,val_npv,val_precision,val_recall,val_specificity
0,777.0,778.0,3958.0,3959.0,0.8433277010917664,0.9163166284561157,0.8355430364608765,0.37570661306381226,0.01,0.6720212697982788,0.8367261290550232,0.8357610106468201,0.8359375,0.8357263803482056,608.0,608.0,608.0,608.0,0.5,0.6366196870803833,0.4999999403953552,1.9239712953567505,0.0,0.5,0.5,0.5,0.5
1,470.0,463.0,4243.0,4236.0,0.9026774168014526,0.966841995716095,0.9005516767501831,0.23321546614170074,0.01,0.801284909248352,0.8999872803688049,0.9014683961868286,0.9001274704933167,0.901306688785553,608.0,608.0,608.0,608.0,0.5,0.5,0.4999999403953552,5.380753517150879,0.0,0.5,0.5,0.5,0.5
2,364.0,363.0,4343.0,4342.0,0.9226519465446472,0.9789949059486389,0.9227089881896973,0.18490415811538696,0.01,0.8454726934432983,0.922627329826355,0.9228480458259583,0.9226519465446472,0.9227941632270813,608.0,608.0,608.0,608.0,0.5,0.5,0.4999999403953552,5.3015851974487305,0.0,0.5,0.5,0.5,0.5
3,286.0,275.0,4431.0,4420.0,0.9405015110969543,0.9852318167686462,0.9405962824821472,0.1552075743675232,0.01,0.8814095258712769,0.9398238658905029,0.9414270520210266,0.939226508140564,0.9417478442192078,608.0,608.0,608.0,608.0,0.5,0.506374716758728,0.4999999403953552,3.734123945236206,0.0,0.5,0.5,0.5,0.5
4,270.0,277.0,4429.0,4436.0,0.9430513978004456,0.9864393472671509,0.9417043924331665,0.14781442284584045,0.0009999999,0.883450984954834,0.9422807693481445,0.9412264227867126,0.942626416683197,0.9411392211914062,608.0,608.0,608.0,608.0,0.5,0.5,0.4999999403953552,7.524142742156982,0.0,0.5,0.5,0.5,0.5
5,227.0,224.0,4482.0,4479.0,0.9526137113571167,0.9909063577651978,0.9521707892417908,0.12255989015102386,0.0009999999,0.9044471979141235,0.9519863724708557,0.952370822429657,0.9517636895179749,0.9525163769721985,608.0,608.0,608.0,608.0,0.5,0.5,0.4999999403953552,6.897424697875977,0.0,0.5,0.5,0.5,0.5
