epoch,FN,FP,TN,TP,accuracy,auc,f1_score,loss,lr,mcc,npv,precision,recall,specificity,val_FN,val_FP,val_TN,val_TP,val_accuracy,val_auc,val_f1_score,val_loss,val_mcc,val_npv,val_precision,val_recall,val_specificity
0,775.0,816.0,3984.0,4025.0,0.840624988079071,0.9176570773124695,0.8349659442901611,0.37220466136932373,0.01,0.6688548922538757,0.83734530210495,0.8314397931098938,0.8385416865348816,0.8299999833106995,544.0,544.0,544.0,544.0,0.5,0.5278704762458801,0.4999999403953552,3.1924407482147217,0.0,0.5,0.5,0.5,0.5
1,443.0,440.0,4354.0,4351.0,0.9082186222076416,0.9687095284461975,0.9077203273773193,0.22640913724899292,0.01,0.8158270120620728,0.907909631729126,0.9081611633300781,0.9075928330421448,0.908160924911499,544.0,544.0,544.0,544.0,0.5,0.5,0.4999999403953552,7.841464042663574,0.0,0.5,0.5,0.5,0.5
2,409.0,422.0,4372.0,4385.0,0.9130162596702576,0.9713148474693298,0.9134187698364258,0.21599383652210236,0.01,0.8267414569854736,0.9145801663398743,0.9122113585472107,0.9146850109100342,0.911975622177124,544.0,544.0,544.0,544.0,0.5,0.5,0.4999999403953552,8.605610847473145,0.0,0.5,0.5,0.5,0.5
3,351.0,350.0,4444.0,4443.0,0.927409291267395,0.976625919342041,0.9269428253173828,0.19313602149486542,0.01,0.8538591265678406,0.9267340302467346,0.9269768595695496,0.9267835021018982,0.9270186424255371,544.0,544.0,544.0,544.0,0.5,0.5,0.4999999403953552,6.909266948699951,0.0,0.5,0.5,0.5,0.5
4,322.0,307.0,4487.0,4472.0,0.9347100257873535,0.9819711446762085,0.9342980980873108,0.17015959322452545,0.0009999999,0.8688692450523376,0.9331211447715759,0.9357606172561646,0.9328327178955078,0.9359769821166992,544.0,544.0,544.0,544.0,0.5,0.5,0.4999999403953552,6.278890132904053,0.0,0.5,0.5,0.5,0.5
5,250.0,260.0,4534.0,4544.0,0.9468085169792175,0.9890697002410889,0.9468956589698792,0.13276617228984833,0.0009999999,0.8936766386032104,0.947756826877594,0.9458784461021423,0.9478514790534973,0.9457686543464661,544.0,544.0,544.0,544.0,0.5,0.5,0.4999999403953552,6.3386406898498535,0.0,0.5,0.5,0.5,0.5
