epoch,FN,FP,TN,TP,accuracy,auc,f1_score,loss,lr,mcc,npv,precision,recall,specificity,val_FN,val_FP,val_TN,val_TP,val_accuracy,val_auc,val_f1_score,val_loss,val_mcc,val_npv,val_precision,val_recall,val_specificity
0,840.0,816.0,4048.0,4024.0,0.8408716917037964,0.9112865328788757,0.8291071653366089,0.3843875825405121,0.01,0.6599475741386414,0.8288611769676208,0.831404983997345,0.8273026347160339,0.8322368264198303,616.0,203.0,885.0,472.0,0.5211396813392639,0.6770606637001038,0.5313379764556885,0.7260439991950989,0.26956790685653687,0.5906714200973511,0.6992592811584473,0.43382352590560913,0.8134191036224365
1,497.0,503.0,4317.0,4323.0,0.8973029255867004,0.9649983644485474,0.8964447975158691,0.23969772458076477,0.01,0.7927305102348328,0.8967376351356506,0.8957728743553162,0.8968879580497742,0.8956825733184814,544.0,544.0,544.0,544.0,0.5,0.5,0.4999999403953552,4.009120941162109,0.0,0.5,0.5,0.5,0.5
2,422.0,412.0,4408.0,4398.0,0.9147303104400635,0.9732882976531982,0.9136428833007812,0.20943863689899445,0.01,0.827724039554596,0.9132135510444641,0.9143450856208801,0.9124481081962585,0.914843738079071,544.0,544.0,544.0,544.0,0.5,0.5,0.4999999403953552,5.277783393859863,0.0,0.5,0.5,0.5,0.5
3,370.0,383.0,4437.0,4450.0,0.9232364892959595,0.9794900417327881,0.9218909740447998,0.18376275897026062,0.01,0.8435222506523132,0.9232086539268494,0.9207531809806824,0.9232364892959595,0.9199013113975525,544.0,544.0,544.0,544.0,0.5,0.5,0.4999999403953552,4.883742809295654,0.0,0.5,0.5,0.5,0.5
4,291.0,282.0,4538.0,4529.0,0.9414937496185303,0.9868260025978088,0.94058758020401,0.1466159075498581,0.0009999999,0.8813536763191223,0.9398935437202454,0.9413843154907227,0.9396265745162964,0.9415706992149353,544.0,544.0,544.0,544.0,0.5,0.5,0.4999999403953552,4.978238105773926,0.0,0.5,0.5,0.5,0.5
5,253.0,237.0,4583.0,4567.0,0.9493775963783264,0.9897137880325317,0.9486365914344788,0.12907472252845764,0.0009999999,0.8975225687026978,0.9473247528076172,0.9506661295890808,0.9475103616714478,0.9503700733184814,538.0,538.0,550.0,550.0,0.5055146813392639,0.5115936994552612,0.5055146217346191,4.895375728607178,0.011029412038624287,0.5055146813392639,0.5055146813392639,0.5055146813392639,0.5055146813392639
