epoch,FN,FP,TN,TP,accuracy,auc,f1_score,loss,lr,mcc,npv,precision,recall,specificity,val_FN,val_FP,val_TN,val_TP,val_accuracy,val_auc,val_f1_score,val_loss,val_mcc,val_npv,val_precision,val_recall,val_specificity
0,753.0,745.0,3991.0,3983.0,0.8490287065505981,0.9203643202781677,0.8416075110435486,0.368686318397522,0.01,0.6841117143630981,0.8417302966117859,0.8424280881881714,0.8410050868988037,0.8426942825317383,608.0,608.0,608.0,608.0,0.5,0.5,0.4999999403953552,3.870004653930664,0.0,0.5,0.5,0.5,0.5
1,478.0,455.0,4257.0,4234.0,0.9017402529716492,0.9622655510902405,0.9007349610328674,0.24855679273605347,0.01,0.802108645439148,0.8991864919662476,0.9029644131660461,0.8985568881034851,0.903420627117157,608.0,608.0,608.0,608.0,0.5,0.5,0.4999999403953552,5.512077331542969,0.0,0.5,0.5,0.5,0.5
2,413.0,419.0,4293.0,4299.0,0.9134125709533691,0.9686752557754517,0.911662220954895,0.2259504199028015,0.01,0.8233121633529663,0.9122626781463623,0.9111911654472351,0.9123514294624329,0.9108952879905701,608.0,608.0,608.0,608.0,0.5,0.5,0.4999999403953552,6.486786365509033,0.0,0.5,0.5,0.5,0.5
3,329.0,323.0,4389.0,4383.0,0.9310271739959717,0.980958104133606,0.9303295016288757,0.17580583691596985,0.01,0.8607742786407471,0.9298778176307678,0.9313642382621765,0.9301782846450806,0.9309121370315552,608.0,608.0,608.0,608.0,0.5,0.5,0.4999999403953552,5.636336803436279,0.0,0.5,0.5,0.5,0.5
4,332.0,343.0,4369.0,4380.0,0.9274193644523621,0.979193925857544,0.9277083873748779,0.18405179679393768,0.0009999999,0.8552649021148682,0.9286006093025208,0.9273766875267029,0.9295415878295898,0.9264358282089233,608.0,608.0,608.0,608.0,0.5,0.5,0.4999999403953552,6.4044976234436035,0.0,0.5,0.5,0.5,0.5
5,239.0,227.0,4485.0,4473.0,0.950127363204956,0.9883409738540649,0.9503766894340515,0.1357743889093399,0.0009999999,0.9008992910385132,0.9492985606193542,0.9517021179199219,0.9492784142494202,0.9516892433166504,608.0,608.0,608.0,608.0,0.5,0.5,0.4999999403953552,6.062145709991455,0.0,0.5,0.5,0.5,0.5
