folder,network,DenseNum,DropOut,FreezePercentage,BatchSize,epoch,accuracy,precision,sensitivity,specificity,f1_score,npv,mcc,auc,TP,TN,FP,FN,runtime,val_accuracy,val_precision,val_sensitivity,val_specificity,val_f1_score,val_npv,val_mcc,val_auc,val_TP,val_TN,val_FP,val_FN,val_runtime
C:\PIBITI\william-cardoso\6_resultados\Dataset01_95.0\MobileNetV2\metrics,MobileNetV2,128,0.3,0.3,16,9,0.9978804588317871,0.9978804588317871,0.9978804588317871,0.9978813529014587,0.9978674650192261,0.9979187846183777,0.9957734942436218,0.9997712969779968,4708.0,4708.0,10.0,10.0,93.21923732757568,0.9865506291389465,0.9857707619667053,0.9865506291389465,0.9857594966888428,0.9861670136451721,0.9865506291389465,0.9723333716392517,0.9951632618904114,1247.0,1246.0,18.0,17.0,2.7127439975738525
