epoch,FN,FP,TN,TP,accuracy,auc,f1_score,loss,lr,mcc,npv,precision,recall,specificity,val_FN,val_FP,val_TN,val_TP,val_accuracy,val_auc,val_f1_score,val_loss,val_mcc,val_npv,val_precision,val_recall,val_specificity
0,780.0,771.0,3965.0,3956.0,0.8452280163764954,0.9178351163864136,0.8358701467514038,0.37163132429122925,0.01,0.67276930809021,0.8362375497817993,0.8368944525718689,0.8353040814399719,0.8372043967247009,1216.0,0.0,1216.0,0.0,0.6003289222717285,0.6945865154266357,0.0,1.0417226552963257,0.0,0.5,0.0,0.0,1.0
1,510.0,506.0,4198.0,4194.0,0.8930697441101074,0.9615002870559692,0.8918218612670898,0.25154903531074524,0.01,0.7838804721832275,0.8916871547698975,0.8923404216766357,0.891581654548645,0.8923141956329346,608.0,608.0,608.0,608.0,0.5,0.5,0.4999999403953552,4.082564353942871,0.0,0.5,0.5,0.5,0.5
2,397.0,404.0,4300.0,4307.0,0.9145408272743225,0.9722803831100464,0.9147461652755737,0.21309757232666016,0.01,0.8294408917427063,0.9152730107307434,0.9142432808876038,0.915603756904602,0.9140625,608.0,608.0,608.0,608.0,0.5,0.5,0.4999999403953552,6.7961812019348145,0.0,0.5,0.5,0.5,0.5
3,355.0,352.0,4352.0,4349.0,0.9243197441101074,0.9772504568099976,0.9244905710220337,0.1920691579580307,0.01,0.8490636944770813,0.924277126789093,0.9251223206520081,0.9245322942733765,0.9248310923576355,608.0,608.0,608.0,608.0,0.5,0.5,0.4999999403953552,9.175320625305176,0.0,0.5,0.5,0.5,0.5
4,324.0,332.0,4372.0,4380.0,0.930272102355957,0.9801430702209473,0.9306085109710693,0.17803823947906494,0.0009999999,0.8610895276069641,0.9312474131584167,0.9295415878295898,0.9311224222183228,0.9296875,608.0,608.0,608.0,608.0,0.5,0.5,0.4999999403953552,10.708316802978516,0.0,0.5,0.5,0.5,0.5
5,245.0,245.0,4459.0,4459.0,0.9477040767669678,0.9885357618331909,0.9480401873588562,0.13461700081825256,0.0009999999,0.896135151386261,0.9481107592582703,0.9479166865348816,0.9479166865348816,0.9480574131011963,600.0,600.0,616.0,616.0,0.5065789222717285,0.5166015625,0.5065789222717285,7.525280475616455,0.01315789483487606,0.5065789222717285,0.5065789222717285,0.5065789222717285,0.5065789222717285
