epoch,FN,FP,TN,TP,accuracy,auc,f1_score,loss,lr,mcc,npv,precision,recall,specificity,val_FN,val_FP,val_TN,val_TP,val_accuracy,val_auc,val_f1_score,val_loss,val_mcc,val_npv,val_precision,val_recall,val_specificity
0,736.0,732.0,4004.0,4000.0,0.8524070978164673,0.9229767322540283,0.8450148105621338,0.35899409651756287,0.01,0.6903136968612671,0.8447652459144592,0.8453085422515869,0.8445945978164673,0.8454391956329346,586.0,549.0,667.0,630.0,0.5361841917037964,0.6926949620246887,0.5264002084732056,0.6885278820991516,0.06672685593366623,0.5316202640533447,0.5343511700630188,0.5180920958518982,0.5485197305679321
1,434.0,446.0,4260.0,4272.0,0.90628981590271,0.9666990041732788,0.9066022634506226,0.23395895957946777,0.01,0.8131694197654724,0.9077560901641846,0.9054684042930603,0.9077773094177246,0.9052687883377075,608.0,608.0,608.0,608.0,0.5,0.5,0.4999999403953552,8.296066284179688,0.0,0.5,0.5,0.5,0.5
2,388.0,381.0,4325.0,4318.0,0.9188270568847656,0.9754412174224854,0.9180097579956055,0.2002796083688736,0.01,0.8362014293670654,0.9175036549568176,0.9189189076423645,0.9175520539283752,0.9188071489334106,608.0,608.0,608.0,608.0,0.5,0.5,0.4999999403953552,12.496959686279297,0.0,0.5,0.5,0.5,0.5
3,344.0,358.0,4348.0,4362.0,0.9262643456459045,0.9800078868865967,0.9258188605308533,0.18029539287090302,0.01,0.8514989018440247,0.927030622959137,0.9241525530815125,0.9269018173217773,0.924222469329834,608.0,608.0,608.0,608.0,0.5,0.5,0.4999999403953552,10.85975456237793,0.0,0.5,0.5,0.5,0.5
4,305.0,313.0,4393.0,4401.0,0.9360390901565552,0.9815494418144226,0.9335498213768005,0.17132568359375,0.0009999999,0.8672015070915222,0.9343885183334351,0.9336020350456238,0.9351891279220581,0.9327926635742188,599.0,599.0,617.0,617.0,0.5074012875556946,0.5135146379470825,0.5074012875556946,7.803891658782959,0.014802631922066212,0.5074012875556946,0.5074012875556946,0.5074012875556946,0.5074012875556946
5,239.0,252.0,4454.0,4467.0,0.9479387998580933,0.9889328479766846,0.9473211169242859,0.13472405076026917,0.0009999999,0.8945196866989136,0.9484784007072449,0.9465988278388977,0.9492137432098389,0.9458590149879456,605.0,605.0,611.0,611.0,0.5024670958518982,0.5032955408096313,0.5024670362472534,8.090559005737305,0.004934210330247879,0.5024670958518982,0.5024670958518982,0.5024670958518982,0.5024670958518982
