epoch,FN,FP,TN,TP,accuracy,auc,f1_score,loss,lr,mcc,npv,precision,recall,specificity,val_FN,val_FP,val_TN,val_TP,val_accuracy,val_auc,val_f1_score,val_loss,val_mcc,val_npv,val_precision,val_recall,val_specificity
0,753.0,735.0,4065.0,4047.0,0.8504166603088379,0.9199153184890747,0.844866156578064,0.36541664600372314,0.01,0.6903213262557983,0.8435919284820557,0.8462986350059509,0.8431249856948853,0.846875011920929,0.0,1152.0,0.0,1152.0,0.7517361044883728,0.8312577605247498,0.6666666865348816,1.0802372694015503,0.0,0.0,0.5,1.0,0.0
1,539.0,527.0,4215.0,4203.0,0.8899198770523071,0.9593735337257385,0.8867530226707458,0.25826960802078247,0.01,0.7739863991737366,0.886155366897583,0.8885834813117981,0.8863348960876465,0.8881943821907043,576.0,576.0,576.0,576.0,0.5,0.5015190839767456,0.4999999403953552,3.9207677841186523,0.0,0.5,0.5,0.5,0.5
2,420.0,414.0,4328.0,4322.0,0.9124841690063477,0.9719312787055969,0.9097552299499512,0.21488216519355774,0.01,0.8203427195549011,0.9092333912849426,0.9125844836235046,0.911429762840271,0.9117360711097717,439.0,498.0,654.0,713.0,0.5920138955116272,0.7565032243728638,0.6025899052619934,1.1991251707077026,0.18718203902244568,0.6002848148345947,0.5887696146965027,0.6189236044883728,0.5677083134651184
3,417.0,416.0,4326.0,4325.0,0.912695050239563,0.9715716242790222,0.9131987690925598,0.21699880063533783,0.01,0.8264884352684021,0.9132117629051208,0.912254810333252,0.912062406539917,0.9133333563804626,576.0,576.0,576.0,576.0,0.5,0.5,0.4999999403953552,4.669096946716309,0.0,0.5,0.5,0.5,0.5
4,354.0,361.0,4381.0,4388.0,0.9242935180664062,0.976983904838562,0.9255984425544739,0.1928432434797287,0.0009999999,0.8510639667510986,0.9261147975921631,0.9239839911460876,0.9253479838371277,0.924791693687439,576.0,576.0,576.0,576.0,0.5,0.5,0.4999999403953552,3.8625576496124268,0.0,0.5,0.5,0.5,0.5
5,286.0,290.0,4452.0,4456.0,0.9392661452293396,0.9850733876228333,0.9400187134742737,0.15645204484462738,0.0009999999,0.8800230026245117,0.9404007792472839,0.9388959407806396,0.9396879076957703,0.9395833611488342,563.0,563.0,589.0,589.0,0.5112847089767456,0.5289291739463806,0.5112846493721008,3.4317209720611572,0.0225694440305233,0.5112847089767456,0.5112847089767456,0.5112847089767456,0.5112847089767456
