epoch,FN,FP,TN,TP,accuracy,auc,f1_score,loss,lr,mcc,npv,precision,recall,specificity,val_FN,val_FP,val_TN,val_TP,val_accuracy,val_auc,val_f1_score,val_loss,val_mcc,val_npv,val_precision,val_recall,val_specificity
0,274.0,275.0,4525.0,4526.0,0.9481250047683716,0.9868475198745728,0.942404568195343,0.14506705105304718,0.01,0.8857986330986023,0.9438468217849731,0.9427202939987183,0.9429166913032532,0.9427083134651184,532.0,538.0,614.0,620.0,0.5321180820465088,0.6905713677406311,0.5367396473884583,1.381585717201233,0.07119137793779373,0.5358456969261169,0.5354058742523193,0.5381944179534912,0.5329861044883728
1,359.0,352.0,4386.0,4379.0,0.9278176426887512,0.9719280004501343,0.9195668697357178,0.21357764303684235,0.01,0.8391666412353516,0.918758749961853,0.9255971312522888,0.924229621887207,0.9202083349227905,576.0,576.0,576.0,576.0,0.5,0.5,0.4999999403953552,12.303398132324219,0.0,0.5,0.5,0.5,0.5
2,171.0,161.0,4577.0,4567.0,0.9670746922492981,0.9935532808303833,0.9653942584991455,0.09580053389072418,0.01,0.9309391379356384,0.9645188450813293,0.9659475684165955,0.963908851146698,0.9664583206176758,576.0,576.0,576.0,576.0,0.5,0.5,0.4999999403953552,10.212640762329102,0.0,0.5,0.5,0.5,0.5
3,61.0,66.0,4672.0,4677.0,0.986914336681366,0.9979662299156189,0.9867795705795288,0.04505166411399841,0.01,0.9735620021820068,0.9872941970825195,0.9860847592353821,0.9871253967285156,0.9862499833106995,576.0,576.0,576.0,576.0,0.5,0.5,0.4999999403953552,7.883705139160156,0.0,0.5,0.5,0.5,0.5
4,82.0,70.0,4668.0,4656.0,0.9839594960212708,0.9979153871536255,0.9776718020439148,0.04930486902594566,0.0009999999,0.955462634563446,0.9765751957893372,0.9851883053779602,0.9826931357383728,0.9789583086967468,576.0,576.0,576.0,576.0,0.5,0.5,0.4999999403953552,7.757036209106445,0.0,0.5,0.5,0.5,0.5
5,41.0,36.0,4702.0,4697.0,0.991979718208313,0.9995765686035156,0.9919668436050415,0.027065005153417587,0.0009999999,0.9839693307876587,0.9914936423301697,0.9923938512802124,0.991346538066864,0.9925000071525574,576.0,576.0,576.0,576.0,0.5,0.5013021230697632,0.4999999403953552,6.909424304962158,0.0,0.5,0.5,0.5,0.5
