epoch,FN,FP,TN,TP,accuracy,auc,f1_score,loss,lr,mcc,npv,precision,recall,specificity,val_FN,val_FP,val_TN,val_TP,val_accuracy,val_auc,val_f1_score,val_loss,val_mcc,val_npv,val_precision,val_recall,val_specificity
0,737.0,709.0,4027.0,3999.0,0.8528293967247009,0.9295291304588318,0.8465100526809692,0.3446049392223358,0.01,0.694933295249939,0.8461781740188599,0.8494052886962891,0.8443834185600281,0.8502956032752991,608.0,608.0,608.0,608.0,0.5,0.5,0.4999999403953552,6.245889663696289,0.0,0.5,0.5,0.5,0.5
1,468.0,464.0,4254.0,4250.0,0.8988978266716003,0.9665084481239319,0.9012665748596191,0.23409010469913483,0.01,0.8028252124786377,0.9011136889457703,0.9015697836875916,0.9008054137229919,0.9017791748046875,608.0,608.0,608.0,608.0,0.5,0.5,0.4999999403953552,17.087085723876953,0.0,0.5,0.5,0.5,0.5
2,379.0,382.0,4336.0,4339.0,0.919881284236908,0.9746696949005127,0.9192385077476501,0.203894704580307,0.01,0.8386151194572449,0.9196853637695312,0.9190849661827087,0.9196693301200867,0.9189280867576599,608.0,608.0,608.0,608.0,0.5,0.5,0.4999999403953552,13.387518882751465,0.0,0.5,0.5,0.5,0.5
3,364.0,355.0,4363.0,4354.0,0.9236964583396912,0.9783111810684204,0.9236264824867249,0.18867629766464233,0.01,0.8476279377937317,0.9231735467910767,0.9246124625205994,0.922848641872406,0.9247117042541504,608.0,608.0,608.0,608.0,0.5,0.510279655456543,0.4999999403953552,4.9816694259643555,0.0,0.5,0.5,0.5,0.5
4,336.0,328.0,4390.0,4382.0,0.9304789900779724,0.9832803606987,0.9296336770057678,0.16759845614433289,0.0009999999,0.8594346046447754,0.9289697408676147,0.9303609132766724,0.9287833571434021,0.9305779933929443,608.0,608.0,608.0,608.0,0.5,0.5,0.4999999403953552,9.74581527709961,0.0,0.5,0.5,0.5,0.5
5,244.0,244.0,4474.0,4474.0,0.948707103729248,0.9887266159057617,0.9484869241714478,0.13327522575855255,0.0009999999,0.8970010876655579,0.9485049843788147,0.9482831954956055,0.9482831954956055,0.9484797120094299,608.0,608.0,608.0,608.0,0.5,0.5,0.4999999403953552,8.242603302001953,0.0,0.5,0.5,0.5,0.5
