epoch,FN,FP,TN,TP,accuracy,auc,f1_score,loss,lr,mcc,npv,precision,recall,specificity,val_FN,val_FP,val_TN,val_TP,val_accuracy,val_auc,val_f1_score,val_loss,val_mcc,val_npv,val_precision,val_recall,val_specificity
0,740.0,773.0,3963.0,3996.0,0.845650315284729,0.922480583190918,0.8410463929176331,0.3661476671695709,0.01,0.680919349193573,0.842456579208374,0.8379114866256714,0.84375,0.8367820978164673,576.0,576.0,576.0,576.0,0.5,0.5,0.4999999403953552,7.031110763549805,0.0,0.5,0.5,0.5,0.5
1,477.0,477.0,4251.0,4251.0,0.8999577164649963,0.9647650122642517,0.8990105390548706,0.24087601900100708,0.01,0.7981656193733215,0.8991748690605164,0.8991116881370544,0.8991116881370544,0.8990408182144165,576.0,576.0,576.0,576.0,0.5,0.5,0.4999999403953552,15.675325393676758,0.0,0.5,0.5,0.5,0.5
2,384.0,387.0,4341.0,4344.0,0.9187816977500916,0.9756343364715576,0.9185147881507874,0.19954492151737213,0.01,0.8371747732162476,0.9189941883087158,0.9181991219520569,0.9187816977500916,0.9182251691818237,576.0,576.0,576.0,576.0,0.5,0.5,0.4999999403953552,14.07727336883545,0.0,0.5,0.5,0.5,0.5
3,332.0,334.0,4394.0,4396.0,0.9302030205726624,0.9822424650192261,0.9295121431350708,0.17051337659358978,0.01,0.8590688109397888,0.9297564625740051,0.9293869137763977,0.9297800064086914,0.9292953014373779,576.0,576.0,576.0,576.0,0.5,0.5,0.4999999403953552,14.10776424407959,0.0,0.5,0.5,0.5,0.5
4,332.0,326.0,4402.0,4396.0,0.9297800064086914,0.9803589582443237,0.9304021596908569,0.17933306097984314,0.0009999999,0.8609150052070618,0.9298802018165588,0.9309614300727844,0.9297800064086914,0.9310449361801147,576.0,576.0,576.0,576.0,0.5,0.5,0.4999999403953552,12.63308048248291,0.0,0.5,0.5,0.5,0.5
5,258.0,259.0,4469.0,4470.0,0.9456430077552795,0.9885838627815247,0.9452665448188782,0.1369233876466751,0.0009999999,0.8906614184379578,0.9455275535583496,0.945231556892395,0.9454314708709717,0.9451918601989746,576.0,576.0,576.0,576.0,0.5,0.5,0.4999999403953552,10.558929443359375,0.0,0.5,0.5,0.5,0.5
