epoch,FN,FP,TN,TP,accuracy,auc,f1_score,loss,lr,mcc,npv,precision,recall,specificity,val_FN,val_FP,val_TN,val_TP,val_accuracy,val_auc,val_f1_score,val_loss,val_mcc,val_npv,val_precision,val_recall,val_specificity
0,773.0,743.0,4057.0,4027.0,0.846875011920929,0.914618968963623,0.8412070274353027,0.3812757730484009,0.01,0.6844525337219238,0.8408687114715576,0.844234824180603,0.8389583230018616,0.8452083468437195,576.0,576.0,576.0,576.0,0.5,0.5,0.4999999403953552,4.147558212280273,0.0,0.5,0.5,0.5,0.5
1,471.0,468.0,4306.0,4303.0,0.9007121920585632,0.9669535160064697,0.9015626311302185,0.23263412714004517,0.01,0.8033700585365295,0.9016734957695007,0.9019073843955994,0.9013406038284302,0.9017873406410217,576.0,576.0,576.0,576.0,0.5,0.5,0.4999999403953552,5.615196704864502,0.0,0.5,0.5,0.5,0.5
2,418.0,414.0,4360.0,4356.0,0.9132802486419678,0.9739818572998047,0.9127434492111206,0.20633459091186523,0.01,0.8256169557571411,0.9124663472175598,0.9132075309753418,0.9124423861503601,0.9131798148155212,576.0,576.0,576.0,576.0,0.5,0.5021701455116272,0.4999999403953552,4.154121398925781,0.0,0.5,0.5,0.5,0.5
3,343.0,343.0,4431.0,4431.0,0.9283619523048401,0.9809339046478271,0.9279638528823853,0.17633289098739624,0.01,0.856000542640686,0.9280384182929993,0.9281525015830994,0.9281525015830994,0.9279714822769165,576.0,576.0,576.0,576.0,0.5,0.5,0.4999999403953552,6.738315582275391,0.0,0.5,0.5,0.5,0.5
4,298.0,302.0,4472.0,4476.0,0.9390448331832886,0.9849574565887451,0.9369764924049377,0.1552816778421402,0.0009999999,0.8739098310470581,0.9372993111610413,0.9367936253547668,0.937578558921814,0.9365131855010986,576.0,576.0,576.0,576.0,0.5,0.5,0.4999999403953552,6.476255416870117,0.0,0.5,0.5,0.5,0.5
5,214.0,214.0,4560.0,4560.0,0.9549643993377686,0.9909955859184265,0.9549975395202637,0.12147953361272812,0.0009999999,0.910019040107727,0.9550104737281799,0.9551738500595093,0.9551738500595093,0.9549890160560608,576.0,576.0,576.0,576.0,0.5,0.5021701455116272,0.4999999403953552,6.411667823791504,0.0,0.5,0.5,0.5,0.5
