folder,network,DenseNum,DropOut,FreezePercentage,BatchSize,epoch,accuracy,precision,sensitivity,specificity,f1_score,npv,mcc,auc,TP,TN,FP,FN,runtime,val_accuracy,val_precision,val_sensitivity,val_specificity,val_f1_score,val_npv,val_mcc,val_auc,val_TP,val_TN,val_FP,val_FN,val_runtime
C:\PIBITI\william-cardoso\6_resultados\Dataset01_90.0\DenseNet201\metrics,DenseNet201,128,0.3,0.3,16,4,0.9938533306121826,0.9936413764953613,0.9936413764953613,0.9936440587043762,0.9936366081237793,0.9936939477920532,0.9873245358467102,0.9995173811912537,4688.0,4688.0,30.0,30.0,256.84564185142517,0.9889240264892578,0.9889240264892578,0.9889240264892578,0.9889240264892578,0.9889240264892578,0.9889240264892578,0.9778481125831604,0.9958711862564087,1250.0,1250.0,14.0,14.0,16.045698165893555
