folder,network,DenseNum,DropOut,FreezePercentage,BatchSize,epoch,accuracy,precision,sensitivity,specificity,f1_score,npv,mcc,auc,TP,TN,FP,FN,runtime,val_accuracy,val_precision,val_sensitivity,val_specificity,val_f1_score,val_npv,val_mcc,val_auc,val_TP,val_TN,val_FP,val_FN,val_runtime
C:\PIBITI\william-cardoso\6_resultados\Dataset01_90.0\DenseNet201\metrics,DenseNet201,128,0.3,0.3,16,11,0.9968447685241699,0.9966365098953247,0.9972654581069946,0.9966443181037903,0.996981143951416,0.9972455501556396,0.9939345717430115,0.9993499517440796,4741.0,4738.0,16.0,13.0,420.31296849250793,0.9870129823684692,0.9870129823684692,0.9870129823684692,0.9870129823684692,0.9870129823684692,0.9870129823684692,0.9740259647369385,0.996624767780304,1216.0,1216.0,16.0,16.0,14.25326943397522
