epoch,FN,FP,TN,TP,accuracy,auc,f1_score,loss,lr,mcc,npv,precision,recall,specificity,val_FN,val_FP,val_TN,val_TP,val_accuracy,val_auc,val_f1_score,val_loss,val_mcc,val_npv,val_precision,val_recall,val_specificity
0,429.0,405.0,4523.0,4499.0,0.9202516078948975,0.9739110469818115,0.9149690866470337,0.21073876321315765,0.01,0.8310350775718689,0.9139955043792725,0.9174143671989441,0.9129464030265808,0.9178165793418884,104.0,114.0,910.0,920.0,0.8974609375,0.9564065933227539,0.8942488431930542,0.26693931221961975,0.7872761487960815,0.8971889615058899,0.8897485733032227,0.8984375,0.888671875
1,208.0,213.0,4661.0,4666.0,0.9573245644569397,0.9910522103309631,0.956221342086792,0.11791800707578659,0.01,0.9125086069107056,0.9567552804946899,0.9563435316085815,0.9573245644569397,0.9556818604469299,171.0,171.0,853.0,853.0,0.837890625,0.9105210304260254,0.8334630131721497,0.47285765409469604,0.6662337183952332,0.832251787185669,0.8330078125,0.8330078125,0.8330078125
2,159.0,150.0,4724.0,4715.0,0.9675831198692322,0.9956387281417847,0.968085765838623,0.08198759704828262,0.01,0.9363304376602173,0.9678933024406433,0.9691675305366516,0.9673779010772705,0.9684659242630005,107.0,121.0,903.0,917.0,0.88671875,0.9470372200012207,0.8894688487052917,0.3209276497364044,0.7774947285652161,0.894045352935791,0.8834296464920044,0.8955078125,0.8818359375
3,126.0,121.0,4753.0,4748.0,0.9759950637817383,0.9971721768379211,0.9743419289588928,0.06631013005971909,0.01,0.9489008784294128,0.9735420346260071,0.9751489162445068,0.9741485714912415,0.9754464030265808,124.0,119.0,905.0,900.0,0.876953125,0.9396309852600098,0.8810326457023621,0.4050184190273285,0.7627557516098022,0.8795838356018066,0.8832188248634338,0.87890625,0.8837890625
4,94.0,87.0,4787.0,4780.0,0.9813295006752014,0.9979868531227112,0.9805460572242737,0.052254531532526016,0.0009999999,0.9611380696296692,0.9798732399940491,0.9821245074272156,0.980713963508606,0.9812500476837158,127.0,130.0,894.0,897.0,0.8779296875,0.9416131973266602,0.8746727108955383,0.38936349749565125,0.7490495443344116,0.875674843788147,0.8734177350997925,0.8759765625,0.873046875
5,46.0,42.0,4832.0,4828.0,0.9909725189208984,0.9995104670524597,0.9910649061203003,0.029612476006150246,0.0009999999,0.9821676015853882,0.990702748298645,0.991375744342804,0.9905621409416199,0.9914772510528564,115.0,113.0,911.0,909.0,0.888671875,0.9539675712585449,0.8886711597442627,0.32723116874694824,0.7774174213409424,0.8877534866333008,0.8894324898719788,0.8876953125,0.8896484375
