epoch,FN,FP,TN,TP,accuracy,auc,f1_score,loss,lr,mcc,npv,precision,recall,specificity,val_FN,val_FP,val_TN,val_TP,val_accuracy,val_auc,val_f1_score,val_loss,val_mcc,val_npv,val_precision,val_recall,val_specificity
0,422.0,387.0,4413.0,4378.0,0.92208331823349,0.9747185707092285,0.9152837991714478,0.20696908235549927,0.01,0.8317148685455322,0.913196325302124,0.9187827706336975,0.9120833277702332,0.9193750023841858,194.0,328.0,824.0,958.0,0.7682291865348816,0.8687303066253662,0.786672055721283,0.4770367443561554,0.5508360862731934,0.8076741099357605,0.7449455857276917,0.8315972089767456,0.7152777910232544
1,176.0,181.0,4557.0,4562.0,0.9630646109580994,0.9935528039932251,0.9628450274467468,0.09784746170043945,0.01,0.92572420835495,0.9633623361587524,0.9618384838104248,0.9628535509109497,0.9622916579246521,367.0,517.0,635.0,785.0,0.6015625,0.7005107402801514,0.6391081213951111,0.7269830703735352,0.2352045625448227,0.6355345845222473,0.6029185652732849,0.6814236044883728,0.5512152910232544
2,357.0,335.0,4403.0,4381.0,0.9299282431602478,0.9784006476402283,0.9211618900299072,0.1860560178756714,0.01,0.8431183695793152,0.9199316501617432,0.9289652109146118,0.9246517419815063,0.9237499833106995,576.0,576.0,576.0,576.0,0.5,0.5,0.4999999403953552,5.360760688781738,0.0,0.5,0.5,0.5,0.5
3,178.0,173.0,4565.0,4560.0,0.963275671005249,0.9927685260772705,0.9634223580360413,0.1040746346116066,0.01,0.9269334673881531,0.9630027413368225,0.9634481072425842,0.9624314308166504,0.9639583230018616,576.0,576.0,576.0,576.0,0.5,0.5577234029769897,0.4999999403953552,3.509133815765381,0.0,0.5,0.5,0.5,0.5
4,153.0,147.0,4591.0,4585.0,0.968974232673645,0.9949708580970764,0.9687426686286926,0.08433112502098083,0.0009999999,0.9375482201576233,0.9681863188743591,0.9689348936080933,0.9677078723907471,0.9693750143051147,576.0,576.0,576.0,576.0,0.5,0.6077293157577515,0.4999999403953552,2.9536263942718506,0.0,0.5,0.5,0.5,0.5
5,98.0,106.0,4632.0,4640.0,0.9791051149368286,0.997876763343811,0.9787735939025879,0.05941503867506981,0.0009999999,0.9575490355491638,0.9795851707458496,0.9776654243469238,0.9793161749839783,0.9779166579246521,572.0,571.0,581.0,580.0,0.5034722089767456,0.6888819932937622,0.5036976933479309,2.0169191360473633,0.007812817580997944,0.5038862228393555,0.5039096474647522,0.5034722089767456,0.5043402910232544
