epoch,FN,FP,TN,TP,accuracy,auc,f1_score,loss,lr,mcc,npv,precision,recall,specificity,val_FN,val_FP,val_TN,val_TP,val_accuracy,val_auc,val_f1_score,val_loss,val_mcc,val_npv,val_precision,val_recall,val_specificity
0,757.0,759.0,3977.0,3979.0,0.84375,0.9203113913536072,0.8399556875228882,0.3676777184009552,0.01,0.6801759600639343,0.8403360247612,0.8398058414459229,0.8401604890823364,0.8397381901741028,608.0,608.0,608.0,608.0,0.5,0.5516817569732666,0.4999999403953552,2.3575522899627686,0.0,0.5,0.5,0.5,0.5
1,494.0,475.0,4215.0,4196.0,0.8980810046195984,0.9634668231010437,0.8975209593772888,0.24473069608211517,0.01,0.7955068349838257,0.896141767501831,0.8983086943626404,0.8946695327758789,0.8997043967247009,608.0,608.0,608.0,608.0,0.5,0.5,0.4999999403953552,6.622096538543701,0.0,0.5,0.5,0.5,0.5
2,401.0,393.0,4297.0,4289.0,0.9164178967475891,0.9719921350479126,0.915333092212677,0.21361540257930756,0.01,0.8308042287826538,0.9149205088615417,0.916061520576477,0.9144989252090454,0.9159393310546875,608.0,608.0,608.0,608.0,0.5,0.5,0.4999999403953552,5.445420742034912,0.0,0.5,0.5,0.5,0.5
3,411.0,410.0,4280.0,4279.0,0.9127931594848633,0.9720695614814758,0.9122217297554016,0.21306248009204865,0.01,0.8245157599449158,0.9122071266174316,0.912561297416687,0.9123667478561401,0.9123498201370239,608.0,608.0,608.0,608.0,0.5,0.5,0.4999999403953552,5.266799449920654,0.0,0.5,0.5,0.5,0.5
4,427.0,433.0,4257.0,4263.0,0.9078891277313232,0.9680068492889404,0.9076616168022156,0.22992976009845734,0.0009999999,0.8152276277542114,0.9081189036369324,0.9077938795089722,0.9089552164077759,0.906953752040863,608.0,608.0,608.0,608.0,0.5,0.5,0.4999999403953552,5.237985610961914,0.0,0.5,0.5,0.5,0.5
5,292.0,289.0,4401.0,4398.0,0.9388059973716736,0.9832294583320618,0.937559187412262,0.1658497005701065,0.0009999999,0.875209629535675,0.9373518228530884,0.9383400678634644,0.9377398490905762,0.9378988146781921,608.0,608.0,608.0,608.0,0.5,0.5020558834075928,0.4999999403953552,5.327920913696289,0.0,0.5,0.5,0.5,0.5
