epoch,FN,FP,TN,TP,accuracy,auc,f1_score,loss,lr,mcc,npv,precision,recall,specificity,val_FN,val_FP,val_TN,val_TP,val_accuracy,val_auc,val_f1_score,val_loss,val_mcc,val_npv,val_precision,val_recall,val_specificity
0,837.0,827.0,3909.0,3899.0,0.8317145109176636,0.9076471924781799,0.824104905128479,0.39642396569252014,0.01,0.6490536332130432,0.8239843249320984,0.8250105977058411,0.8232685923576355,0.8253800868988037,608.0,608.0,608.0,608.0,0.5,0.5018503665924072,0.4999999403953552,2.962209701538086,0.0,0.5,0.5,0.5,0.5
1,506.0,512.0,4210.0,4216.0,0.8934773206710815,0.9591773152351379,0.8923276662826538,0.2595534026622772,0.01,0.7845574617385864,0.8927472829818726,0.8917089700698853,0.8928419947624207,0.8915963172912598,608.0,608.0,608.0,608.0,0.5,0.5,0.4999999403953552,7.0017476081848145,0.0,0.5,0.5,0.5,0.5
2,442.0,442.0,4280.0,4280.0,0.9063956141471863,0.9664620757102966,0.9066177606582642,0.2337007373571396,0.01,0.8133695721626282,0.9067939519882202,0.9063956141471863,0.9063956141471863,0.9066131114959717,608.0,608.0,608.0,608.0,0.5,0.5,0.4999999403953552,8.025538444519043,0.0,0.5,0.5,0.5,0.5
3,355.0,348.0,4374.0,4367.0,0.9252435564994812,0.9772030115127563,0.925388753414154,0.19179664552211761,0.01,0.8510312438011169,0.9249917268753052,0.9261929988861084,0.9248200058937073,0.9262247085571289,608.0,608.0,608.0,608.0,0.5,0.5,0.4999999403953552,9.18989372253418,0.0,0.5,0.5,0.5,0.5
4,368.0,352.0,4370.0,4354.0,0.9224904775619507,0.9754541516304016,0.9235472679138184,0.1984512060880661,0.0009999999,0.8473759293556213,0.9222177863121033,0.9252018928527832,0.9220669269561768,0.9253801107406616,608.0,608.0,608.0,608.0,0.5,0.5,0.4999999403953552,6.709724426269531,0.0,0.5,0.5,0.5,0.5
5,265.0,265.0,4457.0,4457.0,0.9436679482460022,0.9871466159820557,0.9438493251800537,0.14369980990886688,0.0009999999,0.8877567648887634,0.9439249038696289,0.9438797235488892,0.9438797235488892,0.9438682794570923,608.0,608.0,608.0,608.0,0.5,0.5875304937362671,0.4999999403953552,2.9056644439697266,0.0,0.5,0.5,0.5,0.5
