epoch,FN,FP,TN,TP,accuracy,auc,f1_score,loss,lr,mcc,npv,precision,recall,specificity,val_FN,val_FP,val_TN,val_TP,val_accuracy,val_auc,val_f1_score,val_loss,val_mcc,val_npv,val_precision,val_recall,val_specificity
0,776.0,760.0,3976.0,3960.0,0.8391047120094299,0.9178705215454102,0.8371396660804749,0.3686160445213318,0.01,0.6759687066078186,0.8377447128295898,0.8389830589294434,0.8361486196517944,0.8395270109176636,1216.0,0.0,1216.0,0.0,0.7121710777282715,0.759663462638855,0.0,0.7784951329231262,0.0,0.5,0.0,0.0,1.0
1,529.0,533.0,4177.0,4181.0,0.8876857757568359,0.9581975936889648,0.8872645497322083,0.26226532459259033,0.01,0.7745375633239746,0.8877187371253967,0.8869325518608093,0.8876857757568359,0.8867354393005371,609.0,609.0,607.0,607.0,0.49917763471603394,0.4991776645183563,0.49917757511138916,4.222139835357666,-0.0016447368543595076,0.49917763471603394,0.49917763471603394,0.49917763471603394,0.49917763471603394
2,467.0,478.0,4232.0,4243.0,0.8997876644134521,0.9651591181755066,0.899900496006012,0.2393447458744049,0.01,0.7996530532836914,0.9008066058158875,0.8987502455711365,0.9008492827415466,0.8986375331878662,609.0,609.0,607.0,607.0,0.49917763471603394,0.4991776645183563,0.49917757511138916,4.581721305847168,-0.0016447368543595076,0.49917763471603394,0.49917763471603394,0.49917763471603394,0.49917763471603394
3,399.0,402.0,4308.0,4311.0,0.9154989123344421,0.970418393611908,0.9151677489280701,0.21921560168266296,0.01,0.8303579092025757,0.9154773354530334,0.9147040247917175,0.9152866005897522,0.9148293733596802,609.0,609.0,607.0,607.0,0.49917763471603394,0.4991776645183563,0.49917757511138916,4.636096954345703,-0.0016447368543595076,0.49917763471603394,0.49917763471603394,0.49917763471603394,0.49917763471603394
4,292.0,296.0,4414.0,4418.0,0.9386411905288696,0.9839465618133545,0.9376975297927856,0.163350448012352,0.0009999999,0.8754655122756958,0.9381225109100342,0.9372082948684692,0.9380042552947998,0.9373555779457092,609.0,609.0,607.0,607.0,0.49917763471603394,0.4991776645183563,0.49917757511138916,4.469544887542725,-0.0016447368543595076,0.49917763471603394,0.49917763471603394,0.49917763471603394,0.49917763471603394
5,291.0,299.0,4411.0,4419.0,0.93736732006073,0.9847979545593262,0.9373369812965393,0.15715725719928741,0.0009999999,0.8745915293693542,0.9380367398262024,0.9366256594657898,0.9382165670394897,0.9364331364631653,608.0,608.0,608.0,608.0,0.5,0.5096672773361206,0.4999999403953552,3.7968263626098633,0.0,0.5,0.5,0.5,0.5
