epoch,FN,FP,TN,TP,accuracy,auc,f1_score,loss,lr,mcc,npv,precision,recall,specificity,val_FN,val_FP,val_TN,val_TP,val_accuracy,val_auc,val_f1_score,val_loss,val_mcc,val_npv,val_precision,val_recall,val_specificity
0,787.0,755.0,3981.0,3949.0,0.84375,0.9148380160331726,0.8364697694778442,0.37658780813217163,0.01,0.6745861172676086,0.8354097604751587,0.8394982814788818,0.8338260054588318,0.8405827879905701,608.0,608.0,608.0,608.0,0.5,0.5,0.4999999403953552,4.387018203735352,0.0,0.5,0.5,0.5,0.5
1,510.0,505.0,4173.0,4168.0,0.8918341398239136,0.9585142135620117,0.8885828256607056,0.2615348994731903,0.01,0.7775991559028625,0.888652503490448,0.8919323682785034,0.8909790515899658,0.8892877697944641,608.0,608.0,608.0,608.0,0.5,0.5,0.4999999403953552,9.03752326965332,0.0,0.5,0.5,0.5,0.5
2,458.0,458.0,4220.0,4220.0,0.9020949006080627,0.9662824869155884,0.8992152810096741,0.235465407371521,0.01,0.7984479069709778,0.899226188659668,0.9020949006080627,0.9020949006080627,0.8992117643356323,608.0,608.0,608.0,608.0,0.5,0.5,0.4999999403953552,8.075629234313965,0.0,0.5,0.5,0.5,0.5
3,418.0,425.0,4253.0,4260.0,0.9100042581558228,0.9723467230796814,0.9090330600738525,0.21333765983581543,0.01,0.8179475665092468,0.9095768332481384,0.9092849493026733,0.910645604133606,0.908220648765564,608.0,608.0,608.0,608.0,0.5,0.5,0.4999999403953552,8.851096153259277,0.0,0.5,0.5,0.5,0.5
4,302.0,305.0,4373.0,4376.0,0.9354425072669983,0.9801598787307739,0.933905839920044,0.1800088733434677,0.0009999999,0.8677856922149658,0.9341630935668945,0.9348430037498474,0.9354425072669983,0.933558464050293,608.0,608.0,608.0,608.0,0.5,0.5,0.4999999403953552,8.04724407196045,0.0,0.5,0.5,0.5,0.5
5,257.0,255.0,4423.0,4421.0,0.9448482394218445,0.9880846738815308,0.9459498524665833,0.14334772527217865,0.0009999999,0.891917884349823,0.9457506537437439,0.9454662203788757,0.945061981678009,0.9461570978164673,608.0,608.0,608.0,608.0,0.5,0.5049341917037964,0.4999999403953552,5.909496784210205,0.0,0.5,0.5,0.5,0.5
