epoch,FN,FP,TN,TP,accuracy,auc,f1_score,loss,lr,mcc,npv,precision,recall,specificity,val_FN,val_FP,val_TN,val_TP,val_accuracy,val_auc,val_f1_score,val_loss,val_mcc,val_npv,val_precision,val_recall,val_specificity
0,779.0,793.0,4007.0,4021.0,0.8389583230018616,0.9206311702728271,0.8364253044128418,0.36120927333831787,0.01,0.6727380156517029,0.8374524712562561,0.8352721333503723,0.8377083539962769,0.8347916603088379,576.0,576.0,576.0,576.0,0.5,0.505108118057251,0.4999999403953552,2.9604570865631104,0.0,0.5,0.5,0.5,0.5
1,493.0,493.0,4269.0,4269.0,0.8971020579338074,0.9632006883621216,0.8963054418563843,0.24628770351409912,0.01,0.7928433418273926,0.8965989947319031,0.8964720964431763,0.8964720964431763,0.8963781595230103,576.0,576.0,576.0,576.0,0.5,0.5,0.4999999403953552,4.601828575134277,0.0,0.5,0.5,0.5,0.5
2,424.0,419.0,4343.0,4338.0,0.9122217297554016,0.9710508584976196,0.9103697538375854,0.21810214221477509,0.01,0.8210746049880981,0.9101659059524536,0.9119192957878113,0.9109618067741394,0.9111859202384949,576.0,576.0,576.0,576.0,0.5,0.5792465806007385,0.4999999403953552,2.7764828205108643,0.0,0.5,0.5,0.5,0.5
3,404.0,402.0,4360.0,4358.0,0.9153717160224915,0.9753689169883728,0.9154111742973328,0.20133362710475922,0.01,0.8309032320976257,0.9153010845184326,0.9155462384223938,0.915161669254303,0.9156410694122314,576.0,576.0,576.0,576.0,0.5,0.5,0.4999999403953552,8.0857572555542,0.0,0.5,0.5,0.5,0.5
4,349.0,352.0,4410.0,4413.0,0.9262914657592773,0.9784789085388184,0.9267057180404663,0.1872621327638626,0.0009999999,0.8533939719200134,0.9269652366638184,0.9261280298233032,0.9267114400863647,0.9263622164726257,576.0,576.0,576.0,576.0,0.5,0.5534396767616272,0.4999999403953552,3.169184923171997,0.0,0.5,0.5,0.5,0.5
5,276.0,278.0,4484.0,4486.0,0.9420411586761475,0.9857556223869324,0.9413936138153076,0.15196368098258972,0.0009999999,0.8827791213989258,0.9415767192840576,0.9416456818580627,0.9420411586761475,0.9411698579788208,576.0,576.0,576.0,576.0,0.5,0.6657416820526123,0.4999999403953552,2.2530264854431152,0.0,0.5,0.5,0.5,0.5
