epoch,FN,FP,TN,TP,accuracy,auc,f1_score,loss,lr,mcc,npv,precision,recall,specificity,val_FN,val_FP,val_TN,val_TP,val_accuracy,val_auc,val_f1_score,val_loss,val_mcc,val_npv,val_precision,val_recall,val_specificity
0,765.0,779.0,3957.0,3971.0,0.8443834185600281,0.9169172048568726,0.8374279737472534,0.37361547350883484,0.01,0.6742638349533081,0.8377819657325745,0.8360000252723694,0.8384712934494019,0.8355152010917664,608.0,608.0,608.0,608.0,0.5,0.5,0.4999999403953552,5.643296241760254,0.0,0.5,0.5,0.5,0.5
1,509.0,503.0,4189.0,4183.0,0.894501268863678,0.9603330492973328,0.8922975659370422,0.2556035816669464,0.01,0.7850733399391174,0.8920528292655945,0.8926590085029602,0.8915174603462219,0.8933276534080505,608.0,608.0,608.0,608.0,0.5,0.5,0.4999999403953552,6.300991058349609,0.0,0.5,0.5,0.5,0.5
2,391.0,404.0,4288.0,4301.0,0.9158141613006592,0.9725102782249451,0.9161985516548157,0.21152831614017487,0.01,0.8322402238845825,0.9172729253768921,0.9141339063644409,0.9166666865348816,0.9146959185600281,608.0,608.0,608.0,608.0,0.5,0.5,0.4999999403953552,6.931586742401123,0.0,0.5,0.5,0.5,0.5
3,366.0,371.0,4321.0,4326.0,0.9209292531013489,0.9761979579925537,0.9212844371795654,0.19738131761550903,0.01,0.8425741195678711,0.9217919111251831,0.9210134148597717,0.9219948649406433,0.9207348227500916,608.0,608.0,608.0,608.0,0.5,0.5,0.4999999403953552,8.73476505279541,0.0,0.5,0.5,0.5,0.5
4,322.0,337.0,4355.0,4370.0,0.9307331442832947,0.9824841022491455,0.9292224049568176,0.1767393946647644,0.0009999999,0.8581750988960266,0.9303378462791443,0.9284045100212097,0.9313725233078003,0.9274492859840393,608.0,608.0,608.0,608.0,0.5,0.5,0.4999999403953552,8.187899589538574,0.0,0.5,0.5,0.5,0.5
5,266.0,256.0,4436.0,4426.0,0.9443734288215637,0.9880127906799316,0.944396436214447,0.14271484315395355,0.0009999999,0.8888894319534302,0.9434636831283569,0.9453225135803223,0.9433077573776245,0.9454813599586487,608.0,608.0,608.0,608.0,0.5,0.5,0.4999999403953552,7.095096111297607,0.0,0.5,0.5,0.5,0.5
