folder,network,DenseNum,DropOut,FreezePercentage,BatchSize,epoch,accuracy,precision,sensitivity,specificity,f1_score,npv,mcc,auc,TP,TN,FP,FN,runtime,val_accuracy,val_precision,val_sensitivity,val_specificity,val_f1_score,val_npv,val_mcc,val_auc,val_TP,val_TN,val_FP,val_FN,val_runtime
C:\PIBITI\william-cardoso\6_resultados\Dataset01_95.0\DenseNet201\metrics,DenseNet201,128,0.3,0.3,16,6,0.9989402294158936,0.9989404678344727,0.9991521835327148,0.9989407062530518,0.9990498423576355,0.9991525411605835,0.9980994462966919,0.9999912977218628,4714.0,4713.0,5.0,4.0,306.03946447372437,0.9920886158943176,0.9905213117599487,0.9920886158943176,0.9905063509941101,0.9913214445114136,0.9920886158943176,0.9826414585113525,0.9979329109191895,1254.0,1252.0,12.0,10.0,16.25548815727234
