epoch,FN,FP,TN,TP,accuracy,auc,f1_score,loss,lr,mcc,npv,precision,recall,specificity,val_FN,val_FP,val_TN,val_TP,val_accuracy,val_auc,val_f1_score,val_loss,val_mcc,val_npv,val_precision,val_recall,val_specificity
0,747.0,758.0,3978.0,3989.0,0.845650315284729,0.921757698059082,0.8413582444190979,0.36063358187675476,0.01,0.6824435591697693,0.8419202566146851,0.8403202295303345,0.8422719836235046,0.8399493098258972,608.0,608.0,608.0,608.0,0.5,0.5,0.4999999403953552,12.69328784942627,0.0,0.5,0.5,0.5,0.5
1,466.0,469.0,4243.0,4246.0,0.9021646976470947,0.9658275842666626,0.9006400108337402,0.23655830323696136,0.01,0.8012596368789673,0.9009398221969604,0.900530219078064,0.9011035561561584,0.9002111554145813,608.0,608.0,608.0,608.0,0.5,0.5,0.4999999403953552,18.67140769958496,0.0,0.5,0.5,0.5,0.5
2,462.0,462.0,4250.0,4250.0,0.9019524455070496,0.96823650598526,0.9020519852638245,0.22867034375667572,0.01,0.8041983842849731,0.9021555185317993,0.9019524455070496,0.9019524455070496,0.9020692706108093,608.0,608.0,608.0,608.0,0.5,0.5,0.4999999403953552,17.769256591796875,0.0,0.5,0.5,0.5,0.5
3,378.0,390.0,4322.0,4334.0,0.9193548560142517,0.9761208295822144,0.9186429977416992,0.19656406342983246,0.01,0.8371478915214539,0.9196630120277405,0.9174428582191467,0.9197793006896973,0.9172719717025757,608.0,608.0,608.0,608.0,0.5,0.5,0.4999999403953552,13.461121559143066,0.0,0.5,0.5,0.5,0.5
4,399.0,406.0,4306.0,4313.0,0.9151103496551514,0.9712758660316467,0.9146327376365662,0.2177516520023346,0.0009999999,0.8291829228401184,0.9151576161384583,0.9139648079872131,0.9153226017951965,0.9138936400413513,608.0,608.0,608.0,608.0,0.5,0.5,0.4999999403953552,11.621907234191895,0.0,0.5,0.5,0.5,0.5
5,323.0,322.0,4390.0,4389.0,0.9318760633468628,0.9823304414749146,0.9316503405570984,0.17068369686603546,0.0009999999,0.8633365035057068,0.9315781593322754,0.9316493272781372,0.9314516186714172,0.9317567348480225,608.0,608.0,608.0,608.0,0.5,0.5,0.4999999403953552,8.080470085144043,0.0,0.5,0.5,0.5,0.5
