epoch,FN,FP,TN,TP,accuracy,auc,f1_score,loss,lr,mcc,npv,precision,recall,specificity,val_FN,val_FP,val_TN,val_TP,val_accuracy,val_auc,val_f1_score,val_loss,val_mcc,val_npv,val_precision,val_recall,val_specificity
0,796.0,774.0,3898.0,3876.0,0.8379709124565125,0.9097155332565308,0.8310109376907349,0.38974159955978394,0.01,0.664118230342865,0.8316060900688171,0.833548367023468,0.829623281955719,0.8343321681022644,608.0,608.0,608.0,608.0,0.5,0.5,0.4999999403953552,4.679100513458252,0.0,0.5,0.5,0.5,0.5
1,525.0,537.0,4129.0,4141.0,0.8861980438232422,0.9561302065849304,0.8862998485565186,0.26822802424430847,0.01,0.7723346948623657,0.8871568441390991,0.8852073550224304,0.8874839544296265,0.884860634803772,608.0,608.0,608.0,608.0,0.5,0.5,0.4999999403953552,4.825361728668213,0.0,0.5,0.5,0.5,0.5
2,431.0,433.0,4233.0,4235.0,0.9078440070152283,0.9700993299484253,0.9074383974075317,0.221871480345726,0.01,0.8149594068527222,0.9077342748641968,0.9072408080101013,0.907629668712616,0.9072315692901611,608.0,608.0,608.0,608.0,0.5,0.5,0.4999999403953552,7.476461887359619,0.0,0.5,0.5,0.5,0.5
3,369.0,378.0,4288.0,4297.0,0.9200599789619446,0.9764108657836914,0.9200338125228882,0.19704434275627136,0.01,0.839929461479187,0.9207664132118225,0.9191443920135498,0.920917272567749,0.9189817905426025,608.0,608.0,608.0,608.0,0.5,0.5,0.4999999403953552,11.614799499511719,0.0,0.5,0.5,0.5,0.5
4,276.0,287.0,4379.0,4390.0,0.9393484592437744,0.9845210909843445,0.9397381544113159,0.16161170601844788,0.0009999999,0.8793626427650452,0.9407188892364502,0.9386358857154846,0.940848708152771,0.9384815692901611,608.0,608.0,608.0,608.0,0.5,0.5,0.4999999403953552,10.386711120605469,0.0,0.5,0.5,0.5,0.5
5,245.0,255.0,4411.0,4421.0,0.946849524974823,0.9891968965530396,0.9465040564537048,0.13713876903057098,0.0009999999,0.8928848505020142,0.9473683834075928,0.9454662203788757,0.9474924802780151,0.9453530311584473,608.0,608.0,608.0,608.0,0.5,0.5028783082962036,0.4999999403953552,6.773073673248291,0.0,0.5,0.5,0.5,0.5
