epoch,FN,FP,TN,TP,accuracy,auc,f1_score,loss,lr,mcc,npv,precision,recall,specificity,val_FN,val_FP,val_TN,val_TP,val_accuracy,val_auc,val_f1_score,val_loss,val_mcc,val_npv,val_precision,val_recall,val_specificity
0,780.0,758.0,3978.0,3956.0,0.8464949131011963,0.9173170328140259,0.836899995803833,0.37856948375701904,0.01,0.6755519509315491,0.8369256258010864,0.8392024040222168,0.8353040814399719,0.8399493098258972,661.0,303.0,913.0,555.0,0.5600329041481018,0.653458297252655,0.5339738130569458,0.6619802713394165,0.21835260093212128,0.580160915851593,0.6468531489372253,0.45641446113586426,0.7508223652839661
1,481.0,464.0,4228.0,4211.0,0.9000426530838013,0.9622070789337158,0.8989048600196838,0.24932637810707092,0.01,0.7983256578445435,0.8979988098144531,0.9007486701011658,0.897485077381134,0.9006334543228149,476.0,629.0,587.0,740.0,0.5024670958518982,0.5894190073013306,0.5709982514381409,0.7377609014511108,0.09298982471227646,0.5555511116981506,0.5405405163764954,0.6085526347160339,0.48273026943206787
2,426.0,426.0,4266.0,4266.0,0.9094203114509583,0.9704371690750122,0.9095364212989807,0.2215452641248703,0.01,0.8193036913871765,0.90980064868927,0.9092071652412415,0.9092071652412415,0.9095861315727234,608.0,608.0,608.0,608.0,0.5,0.6487306356430054,0.4999999403953552,1.9181671142578125,0.0,0.5,0.5,0.5,0.5
3,388.0,391.0,4301.0,4304.0,0.9194373488426208,0.9742276072502136,0.9173524975776672,0.2048836350440979,0.01,0.8347244262695312,0.9176141619682312,0.916719913482666,0.9173060655593872,0.9169763326644897,603.0,602.0,614.0,613.0,0.5049341917037964,0.533808708190918,0.5043254494667053,3.8683278560638428,0.00904635339975357,0.5045040249824524,0.5045267343521118,0.5041118264198303,0.5049341917037964
4,306.0,310.0,4382.0,4386.0,0.9337169528007507,0.9827610850334167,0.9345378279685974,0.16726486384868622,0.0009999999,0.869088888168335,0.9349303245544434,0.9339863657951355,0.9347826242446899,0.9340793490409851,562.0,563.0,653.0,654.0,0.5378289222717285,0.598480224609375,0.5376121401786804,2.973259449005127,0.07483582943677902,0.5374373197555542,0.5373870134353638,0.5378289222717285,0.5370065569877625
5,238.0,242.0,4450.0,4454.0,0.9479966163635254,0.9882679581642151,0.9486427307128906,0.13518168032169342,0.0009999999,0.8973405957221985,0.9488661289215088,0.9484667778015137,0.9492753744125366,0.9484374523162842,608.0,608.0,608.0,608.0,0.5,0.5652639865875244,0.4999999403953552,2.9472408294677734,0.0,0.5,0.5,0.5,0.5
