epoch,FN,FP,TN,TP,accuracy,auc,f1_score,loss,lr,mcc,npv,precision,recall,specificity,val_FN,val_FP,val_TN,val_TP,val_accuracy,val_auc,val_f1_score,val_loss,val_mcc,val_npv,val_precision,val_recall,val_specificity
0,772.0,756.0,4044.0,4028.0,0.8460416793823242,0.9195036888122559,0.840302050113678,0.36973217129707336,0.01,0.6819425225257874,0.8403645753860474,0.8419732451438904,0.8391666412353516,0.8424999713897705,576.0,576.0,576.0,576.0,0.5,0.598736047744751,0.4999999403953552,1.8538049459457397,0.0,0.5,0.5,0.5,0.5
1,470.0,472.0,4282.0,4284.0,0.9023979902267456,0.9632079005241394,0.900836169719696,0.24540957808494568,0.01,0.8017470240592957,0.9010778665542603,0.9007569551467896,0.9011358618736267,0.9006018042564392,576.0,576.0,576.0,576.0,0.5,0.5,0.4999999403953552,6.423651695251465,0.0,0.5,0.5,0.5,0.5
2,442.0,428.0,4326.0,4312.0,0.907656729221344,0.9688082337379456,0.9075982570648193,0.22633902728557587,0.01,0.8156617283821106,0.906769335269928,0.9097046256065369,0.9070256352424622,0.9092360138893127,576.0,576.0,576.0,576.0,0.5,0.5,0.4999999403953552,8.79561710357666,0.0,0.5,0.5,0.5,0.5
3,389.0,392.0,4362.0,4365.0,0.9173327684402466,0.97489333152771,0.9176058769226074,0.20357732474803925,0.01,0.8352046608924866,0.9178826808929443,0.9175951480865479,0.918174147605896,0.9172684550285339,576.0,576.0,576.0,576.0,0.5,0.5,0.4999999403953552,8.741026878356934,0.0,0.5,0.5,0.5,0.5
4,288.0,294.0,4460.0,4466.0,0.9385780692100525,0.9833383560180664,0.9362443089485168,0.16355079412460327,0.0009999999,0.8723916411399841,0.9367064237594604,0.9382352828979492,0.9394194483757019,0.935555636882782,576.0,576.0,576.0,576.0,0.5,0.5,0.4999999403953552,8.229068756103516,0.0,0.5,0.5,0.5,0.5
5,274.0,270.0,4484.0,4480.0,0.9423643350601196,0.9878345727920532,0.9427822828292847,0.1406039595603943,0.0009999999,0.8856245875358582,0.9424428343772888,0.9431579113006592,0.9423643350601196,0.9432175755500793,576.0,576.0,576.0,576.0,0.5,0.5,0.4999999403953552,7.208108901977539,0.0,0.5,0.5,0.5,0.5
