epoch,FN,FP,TN,TP,accuracy,auc,f1_score,loss,lr,mcc,npv,precision,recall,specificity,val_FN,val_FP,val_TN,val_TP,val_accuracy,val_auc,val_f1_score,val_loss,val_mcc,val_npv,val_precision,val_recall,val_specificity
0,772.0,754.0,3982.0,3964.0,0.8435388803482056,0.916928231716156,0.8385197520256042,0.3737909495830536,0.01,0.6780420541763306,0.8378859162330627,0.8401865363121033,0.8369932174682617,0.8407939076423645,576.0,576.0,576.0,576.0,0.5,0.6194273829460144,0.4999999403953552,1.9928423166275024,0.0,0.5,0.5,0.5,0.5
1,493.0,500.0,4232.0,4239.0,0.8956043720245361,0.9623247385025024,0.8952197432518005,0.24984444677829742,0.01,0.790302574634552,0.8957170248031616,0.894492506980896,0.8958157300949097,0.894383430480957,576.0,576.0,576.0,576.0,0.5,0.5,0.4999999403953552,3.6851725578308105,0.0,0.5,0.5,0.5,0.5
2,464.0,459.0,4273.0,4268.0,0.9025781750679016,0.967007040977478,0.902431309223175,0.23224571347236633,0.01,0.8050187826156616,0.9021074175834656,0.9028982520103455,0.9019442200660706,0.9030124545097351,576.0,576.0,576.0,576.0,0.5,0.5,0.4999999403953552,4.871333599090576,0.0,0.5,0.5,0.5,0.5
3,393.0,394.0,4338.0,4339.0,0.9173710942268372,0.9735919237136841,0.9168599843978882,0.20749038457870483,0.01,0.8337720632553101,0.9170252084732056,0.9167547225952148,0.9169484376907349,0.9167651534080505,576.0,576.0,576.0,576.0,0.5,0.5,0.4999999403953552,6.44164514541626,0.0,0.5,0.5,0.5,0.5
4,435.0,446.0,4286.0,4297.0,0.9068047404289246,0.9657177329063416,0.9069665670394897,0.23661459982395172,0.0009999999,0.8138017654418945,0.9079005122184753,0.9059666991233826,0.9080727100372314,0.9057151079177856,576.0,576.0,576.0,576.0,0.5,0.5,0.4999999403953552,8.063089370727539,0.0,0.5,0.5,0.5,0.5
5,340.0,353.0,4379.0,4392.0,0.9258241653442383,0.9807553291320801,0.9268616437911987,0.18107017874717712,0.0009999999,0.8535474538803101,0.9279453158378601,0.9256058931350708,0.9281487464904785,0.9253801107406616,576.0,576.0,576.0,576.0,0.5,0.501085102558136,0.4999999403953552,6.413137912750244,0.0,0.5,0.5,0.5,0.5
