epoch,FN,FP,TN,TP,accuracy,auc,f1_score,loss,lr,mcc,npv,precision,recall,specificity,val_FN,val_FP,val_TN,val_TP,val_accuracy,val_auc,val_f1_score,val_loss,val_mcc,val_npv,val_precision,val_recall,val_specificity
0,818.0,795.0,4069.0,4046.0,0.8408716917037964,0.9179927706718445,0.8336476683616638,0.36692753434181213,0.01,0.6686100363731384,0.8329666256904602,0.835777759552002,0.8318256735801697,0.8365542888641357,834.0,27.0,1061.0,254.0,0.7058823704719543,0.8096332550048828,0.3594508469104767,0.6340830326080322,0.3008316457271576,0.5620830059051514,0.9039145708084106,0.23345588147640228,0.9751838445663452
1,482.0,487.0,4363.0,4368.0,0.9006185531616211,0.9639574289321899,0.9001297354698181,0.24380995333194733,0.01,0.8002445697784424,0.9005966186523438,0.8996910452842712,0.9006185531616211,0.8995888233184814,544.0,544.0,544.0,544.0,0.5,0.5,0.4999999403953552,5.030050754547119,0.0,0.5,0.5,0.5,0.5
2,423.0,421.0,4429.0,4427.0,0.9129896759986877,0.9723271727561951,0.9130532145500183,0.21355217695236206,0.01,0.8261905312538147,0.9129399657249451,0.9131600856781006,0.9127835035324097,0.91327303647995,544.0,544.0,544.0,544.0,0.5,0.5,0.4999999403953552,6.415306568145752,0.0,0.5,0.5,0.5,0.5
3,388.0,389.0,4461.0,4462.0,0.9195876121520996,0.976597785949707,0.9197481870651245,0.1952022910118103,0.01,0.8394781351089478,0.9198066592216492,0.9198103547096252,0.9200000166893005,0.9196217060089111,544.0,544.0,544.0,544.0,0.5,0.5,0.4999999403953552,7.111179351806641,0.0,0.5,0.5,0.5,0.5
4,326.0,332.0,4518.0,4524.0,0.9325773119926453,0.9826036095619202,0.9320669770240784,0.16793006658554077,0.0009999999,0.8640490174293518,0.9325451254844666,0.9316309690475464,0.9327834844589233,0.9313980937004089,544.0,544.0,544.0,544.0,0.5,0.5,0.4999999403953552,6.405234336853027,0.0,0.5,0.5,0.5,0.5
5,264.0,263.0,4587.0,4586.0,0.9451546669006348,0.9872738122940063,0.9455354809761047,0.14274656772613525,0.0009999999,0.8910951018333435,0.9454585909843445,0.945762038230896,0.9455670118331909,0.9456414580345154,499.0,498.0,590.0,589.0,0.5413603186607361,0.5827256441116333,0.5416063666343689,3.369750499725342,0.08364026993513107,0.5417845249176025,0.5418583154678345,0.5413603186607361,0.5422794222831726
