epoch,FN,FP,TN,TP,accuracy,auc,f1_score,loss,lr,mcc,npv,precision,recall,specificity,val_FN,val_FP,val_TN,val_TP,val_accuracy,val_auc,val_f1_score,val_loss,val_mcc,val_npv,val_precision,val_recall,val_specificity
0,1121.0,1115.0,3685.0,3679.0,0.7704166769981384,0.8304006457328796,0.7668496370315552,0.5267094969749451,0.01,0.5343503952026367,0.7668547034263611,0.7674176096916199,0.7664583325386047,0.7677083611488342,576.0,576.0,576.0,576.0,0.5,0.5,0.4999999403953552,13.739840507507324,0.0,0.5,0.5,0.5,0.5
1,815.0,815.0,3985.0,3985.0,0.8295833468437195,0.9059725403785706,0.8302344083786011,0.39099401235580444,0.01,0.6604558229446411,0.83018559217453,0.8302083611488342,0.8302083611488342,0.8302083611488342,576.0,576.0,576.0,576.0,0.5,0.5,0.4999999403953552,3.6230764389038086,0.0,0.5,0.5,0.5,0.5
2,749.0,756.0,4044.0,4051.0,0.8431249856948853,0.9222278594970703,0.8433352708816528,0.3564690053462982,0.01,0.6864771246910095,0.8437609076499939,0.8427293300628662,0.84395831823349,0.8424999713897705,576.0,576.0,576.0,576.0,0.5,0.6977053284645081,0.4999999403953552,1.6642296314239502,0.0,0.5,0.5,0.5,0.5
3,672.0,667.0,4133.0,4128.0,0.8608333468437195,0.9354199767112732,0.8604137301445007,0.3247917890548706,0.01,0.7210611701011658,0.8602293729782104,0.8608967661857605,0.8600000143051147,0.8610416650772095,576.0,576.0,576.0,576.0,0.5,0.5030381679534912,0.4999999403953552,3.3720483779907227,0.0,0.5,0.5,0.5,0.5
4,622.0,619.0,4181.0,4178.0,0.8710416555404663,0.9440180659294128,0.8706743121147156,0.30606314539909363,0.0009999999,0.7414789795875549,0.8705430030822754,0.8709610104560852,0.8704166412353516,0.8710416555404663,576.0,576.0,576.0,576.0,0.5,0.5475562214851379,0.4999999403953552,2.986361503601074,0.0,0.5,0.5,0.5,0.5
5,564.0,564.0,4236.0,4236.0,0.8829166889190674,0.9498568773269653,0.8825201392173767,0.28660261631011963,0.0009999999,0.7650123238563538,0.8824700117111206,0.8824999928474426,0.8824999928474426,0.8824999928474426,576.0,576.0,576.0,576.0,0.5,0.5841223001480103,0.4999999403953552,2.8357081413269043,0.0,0.5,0.5,0.5,0.5
