epoch,FN,FP,TN,TP,accuracy,auc,f1_score,loss,lr,mcc,npv,precision,recall,specificity,val_FN,val_FP,val_TN,val_TP,val_accuracy,val_auc,val_f1_score,val_loss,val_mcc,val_npv,val_precision,val_recall,val_specificity
0,1561.0,1561.0,3175.0,3175.0,0.6674408912658691,0.711432695388794,0.6696363687515259,0.6411749124526978,0.01,0.3410794138908386,0.6714970469474792,0.6703969836235046,0.6703969836235046,0.6703969836235046,608.0,608.0,608.0,608.0,0.5,0.5,0.4999999403953552,31.236534118652344,0.0,0.5,0.5,0.5,0.5
1,1137.0,1126.0,3564.0,3553.0,0.7579957246780396,0.8274956941604614,0.7575933337211609,0.5224122405052185,0.01,0.5157157182693481,0.757206380367279,0.7593502998352051,0.7575693130493164,0.7590090036392212,608.0,608.0,608.0,608.0,0.5,0.5,0.4999999403953552,15.717313766479492,0.0,0.5,0.5,0.5,0.5
2,1046.0,1037.0,3653.0,3644.0,0.7780383825302124,0.8553732633590698,0.7771081328392029,0.4791247248649597,0.01,0.554807722568512,0.7770189046859741,0.7784661650657654,0.7769722938537598,0.7783408164978027,608.0,608.0,608.0,608.0,0.5,0.5,0.4999999403953552,8.86645221710205,0.0,0.5,0.5,0.5,0.5
3,1022.0,1020.0,3670.0,3668.0,0.7820895314216614,0.859969437122345,0.7800281643867493,0.4679795205593109,0.01,0.5602185130119324,0.7800455689430237,0.782423198223114,0.7820895314216614,0.7803115844726562,608.0,608.0,608.0,608.0,0.5,0.5,0.4999999403953552,11.358039855957031,0.0,0.5,0.5,0.5,0.5
4,901.0,898.0,3792.0,3789.0,0.8083155751228333,0.8831081986427307,0.8073022961616516,0.43258464336395264,0.0009999999,0.6147569417953491,0.8072065114974976,0.8084062337875366,0.8078891038894653,0.8076905012130737,608.0,608.0,608.0,608.0,0.5,0.5,0.4999999403953552,6.661674499511719,0.0,0.5,0.5,0.5,0.5
5,882.0,883.0,3807.0,3808.0,0.8123667240142822,0.8865960836410522,0.8125969171524048,0.42761164903640747,0.0009999999,0.6251789927482605,0.8126677870750427,0.8117672204971313,0.8119403123855591,0.8124765157699585,608.0,608.0,608.0,608.0,0.5,0.5022615194320679,0.4999999403953552,3.6935200691223145,0.0,0.5,0.5,0.5,0.5
