epoch,FN,FP,TN,TP,accuracy,auc,f1_score,loss,lr,mcc,npv,precision,recall,specificity,val_FN,val_FP,val_TN,val_TP,val_accuracy,val_auc,val_f1_score,val_loss,val_mcc,val_npv,val_precision,val_recall,val_specificity
0,1469.0,1459.0,3213.0,3203.0,0.6887842416763306,0.7496129274368286,0.6853813529014587,0.6050439476966858,0.01,0.37354251742362976,0.6868258714675903,0.6870442032814026,0.6855736374855042,0.6877140402793884,640.0,640.0,640.0,640.0,0.5,0.5,0.4999999403953552,13.565778732299805,0.0,0.5,0.5,0.5,0.5
1,1101.0,1101.0,3531.0,3531.0,0.7627374529838562,0.8401176929473877,0.7614578604698181,0.4952060580253601,0.01,0.522991418838501,0.7615546584129333,0.7623056769371033,0.7623056769371033,0.7614868879318237,640.0,640.0,640.0,640.0,0.5,0.5,0.4999999403953552,10.237548828125,0.0,0.5,0.5,0.5,0.5
2,1042.0,1034.0,3598.0,3590.0,0.776770293712616,0.8532748222351074,0.7763463854789734,0.47770214080810547,0.01,0.5531779527664185,0.7760189771652222,0.7763840556144714,0.7750431895256042,0.7776113152503967,640.0,640.0,640.0,640.0,0.5,0.5,0.4999999403953552,6.690378665924072,0.0,0.5,0.5,0.5,0.5
3,1049.0,1052.0,3580.0,3583.0,0.7728843092918396,0.8515317440032959,0.7731145620346069,0.48207157850265503,0.01,0.5460399389266968,0.7731325626373291,0.7730312943458557,0.773531973361969,0.7726883292198181,640.0,640.0,640.0,640.0,0.5,0.5,0.4999999403953552,4.742501258850098,0.0,0.5,0.5,0.5,0.5
4,922.0,921.0,3711.0,3710.0,0.8009499311447144,0.8778579235076904,0.7995580434799194,0.4411579668521881,0.0009999999,0.5991126298904419,0.7994366884231567,0.8011228442192078,0.8009499311447144,0.7996575236320496,640.0,640.0,640.0,640.0,0.5,0.5099642872810364,0.4999999403953552,3.307191848754883,0.0,0.5,0.5,0.5,0.5
5,902.0,895.0,3737.0,3730.0,0.8065630197525024,0.8847929239273071,0.8053799867630005,0.4285324811935425,0.0009999999,0.611099898815155,0.8051296472549438,0.8064864873886108,0.8052676916122437,0.8062928318977356,640.0,640.0,640.0,640.0,0.5,0.6744784712791443,0.4999999403953552,2.17944598197937,0.0,0.5,0.5,0.5,0.5
