epoch,FN,FP,TN,TP,accuracy,auc,f1_score,loss,lr,mcc,npv,precision,recall,specificity,val_FN,val_FP,val_TN,val_TP,val_accuracy,val_auc,val_f1_score,val_loss,val_mcc,val_npv,val_precision,val_recall,val_specificity
0,2141.0,2182.0,2618.0,2659.0,0.5600000023841858,0.5611059069633484,0.5506078600883484,0.7260282039642334,0.01,0.09966340661048889,0.550865888595581,0.5492666959762573,0.5539583563804626,0.5454166531562805,576.0,576.0,576.0,576.0,0.5,0.5,0.4999999403953552,6.983560562133789,0.0,0.5,0.5,0.5,0.5
1,1279.0,1290.0,3510.0,3521.0,0.7356250286102295,0.7999240159988403,0.7327213883399963,0.548805832862854,0.01,0.46488627791404724,0.7329025268554688,0.7318644523620605,0.7335416674613953,0.731249988079071,576.0,576.0,576.0,576.0,0.5,0.5,0.4999999403953552,4.4545464515686035,0.0,0.5,0.5,0.5,0.5
2,1081.0,1079.0,3721.0,3719.0,0.7756249904632568,0.8511430621147156,0.7749742865562439,0.4818197190761566,0.01,0.550017774105072,0.7748550176620483,0.7751146554946899,0.7747916579246521,0.7752083539962769,576.0,576.0,576.0,576.0,0.5,0.5,0.4999999403953552,4.0171380043029785,0.0,0.5,0.5,0.5,0.5
3,1049.0,1049.0,3751.0,3751.0,0.78145831823349,0.8648756742477417,0.7814258337020874,0.4609561562538147,0.01,0.5629234313964844,0.7815269827842712,0.78145831823349,0.78145831823349,0.78145831823349,576.0,576.0,576.0,576.0,0.5,0.5130208134651184,0.4999999403953552,3.474262237548828,0.0,0.5,0.5,0.5,0.5
4,910.0,909.0,3891.0,3890.0,0.8106250166893005,0.8910143971443176,0.8105038404464722,0.4184095561504364,0.0009999999,0.6210505366325378,0.8104564547538757,0.8105855584144592,0.8104166388511658,0.8106250166893005,576.0,576.0,576.0,576.0,0.5,0.6210643649101257,0.4999999403953552,2.4067893028259277,0.0,0.5,0.5,0.5,0.5
5,859.0,859.0,3941.0,3941.0,0.8210416436195374,0.8987314105033875,0.8210400342941284,0.404300719499588,0.0009999999,0.6420931816101074,0.8210514783859253,0.8210416436195374,0.8210416436195374,0.8210416436195374,576.0,576.0,576.0,576.0,0.5,0.6873112916946411,0.4999999403953552,1.5374900102615356,0.0,0.5,0.5,0.5,0.5
