epoch,FN,FP,TN,TP,accuracy,auc,f1_score,loss,lr,mcc,npv,precision,recall,specificity,val_FN,val_FP,val_TN,val_TP,val_accuracy,val_auc,val_f1_score,val_loss,val_mcc,val_npv,val_precision,val_recall,val_specificity
0,1441.0,1489.0,3311.0,3359.0,0.6962500214576721,0.7535666227340698,0.6961743831634521,0.5986247658729553,0.01,0.3898945748806,0.6963467001914978,0.6928630471229553,0.699791669845581,0.6897916793823242,576.0,576.0,576.0,576.0,0.5,0.5,0.4999999403953552,33.582672119140625,0.0,0.5,0.5,0.5,0.5
1,1107.0,1115.0,3623.0,3631.0,0.7657239437103271,0.8421125411987305,0.7686922550201416,0.49510374665260315,0.01,0.5371126532554626,0.7690920829772949,0.7650653123855591,0.7663571238517761,0.7677083611488342,576.0,576.0,576.0,576.0,0.5,0.5,0.4999999403953552,9.617704391479492,0.0,0.5,0.5,0.5,0.5
2,1022.0,1026.0,3712.0,3716.0,0.7851414084434509,0.8538464903831482,0.7803248167037964,0.48248547315597534,0.01,0.5604495406150818,0.7804144620895386,0.7836356163024902,0.7842971682548523,0.7797916531562805,576.0,576.0,576.0,576.0,0.5,0.5509244203567505,0.4999999403953552,2.60292649269104,0.0,0.5,0.5,0.5,0.5
3,993.0,994.0,3744.0,3745.0,0.7899957895278931,0.8627093434333801,0.7865963578224182,0.465883731842041,0.01,0.5731387138366699,0.7866072654724121,0.7902511358261108,0.7904179096221924,0.7864583134651184,576.0,576.0,576.0,576.0,0.5,0.6747786998748779,0.4999999403953552,1.709903597831726,0.0,0.5,0.5,0.5,0.5
4,888.0,895.0,3843.0,3850.0,0.8117349147796631,0.885817289352417,0.8144224882125854,0.42715463042259216,0.0009999999,0.628554105758667,0.8147050738334656,0.8113803863525391,0.8125791549682617,0.8135416507720947,576.0,576.0,576.0,576.0,0.5,0.5495733618736267,0.4999999403953552,2.930983543395996,0.0,0.5,0.5,0.5,0.5
5,891.0,898.0,3840.0,3847.0,0.8108906745910645,0.8896984457969666,0.807313859462738,0.4204268753528595,0.0009999999,0.6143840551376343,0.8076704144477844,0.8107481598854065,0.8119459748268127,0.8064583539962769,576.0,576.0,576.0,576.0,0.5,0.5623372197151184,0.4999999403953552,2.92574143409729,0.0,0.5,0.5,0.5,0.5
