epoch,FN,FP,TN,TP,accuracy,auc,f1_score,loss,lr,mcc,npv,precision,recall,specificity,val_FN,val_FP,val_TN,val_TP,val_accuracy,val_auc,val_f1_score,val_loss,val_mcc,val_npv,val_precision,val_recall,val_specificity
0,1535.0,1613.0,3123.0,3201.0,0.6703969836235046,0.7204007506370544,0.6699953079223633,0.6348403692245483,0.01,0.3356449007987976,0.6702595949172974,0.6649355888366699,0.6758868098258972,0.6594172120094299,608.0,608.0,608.0,608.0,0.5,0.5,0.4999999403953552,100.7349624633789,0.0,0.5,0.5,0.5,0.5
1,1139.0,1134.0,3572.0,3567.0,0.7577560544013977,0.8350207209587097,0.7571856379508972,0.5049242377281189,0.01,0.5145350098609924,0.7568461298942566,0.7587747573852539,0.757968544960022,0.7577627897262573,608.0,608.0,608.0,608.0,0.5,0.5,0.4999999403953552,9.56125259399414,0.0,0.5,0.5,0.5,0.5
2,1061.0,1057.0,3649.0,3645.0,0.774968147277832,0.8544009923934937,0.7747347354888916,0.476715087890625,0.01,0.5496376156806946,0.7744559049606323,0.7752020359039307,0.7745431661605835,0.7753254175186157,608.0,608.0,608.0,608.0,0.5,0.5,0.4999999403953552,3.657071590423584,0.0,0.5,0.5,0.5,0.5
3,974.0,973.0,3733.0,3732.0,0.7938801646232605,0.8728445172309875,0.7937098145484924,0.446344792842865,0.01,0.5874181389808655,0.7935895323753357,0.7931987047195435,0.7930302023887634,0.7938071489334106,608.0,608.0,608.0,608.0,0.5,0.5002055764198303,0.4999999403953552,3.950782060623169,0.0,0.5,0.5,0.5,0.5
4,953.0,950.0,3756.0,3753.0,0.7987675070762634,0.8728617429733276,0.797969400882721,0.447237104177475,0.0009999999,0.5959668755531311,0.7976776361465454,0.7980012893676758,0.7974925637245178,0.7982909083366394,605.0,608.0,608.0,611.0,0.5,0.6908800601959229,0.5018296241760254,1.270033836364746,0.0024676071479916573,0.5012661814689636,0.5012305378913879,0.5024670958518982,0.5
5,892.0,884.0,3822.0,3814.0,0.81109219789505,0.8902885913848877,0.8115614652633667,0.42057812213897705,0.0009999999,0.6235316395759583,0.8113116025924683,0.8118348121643066,0.8104547262191772,0.8125993609428406,608.0,608.0,608.0,608.0,0.5,0.6642775535583496,0.4999999403953552,2.3829658031463623,0.0,0.5,0.5,0.5,0.5
