epoch,FN,FP,TN,TP,accuracy,auc,f1_score,loss,lr,mcc,npv,precision,recall,specificity,val_FN,val_FP,val_TN,val_TP,val_accuracy,val_auc,val_f1_score,val_loss,val_mcc,val_npv,val_precision,val_recall,val_specificity
0,1533.0,1461.0,3403.0,3331.0,0.6922286152839661,0.7399285435676575,0.6897771954536438,0.6216462254524231,0.01,0.38489124178886414,0.6891894340515137,0.6951168775558472,0.6848273277282715,0.6996299624443054,544.0,544.0,544.0,544.0,0.5,0.5,0.4999999403953552,15.72832202911377,0.0,0.5,0.5,0.5,0.5
1,1141.0,1140.0,3710.0,3709.0,0.7649484276771545,0.8407847285270691,0.7645403742790222,0.49414393305778503,0.01,0.5292146801948547,0.7646246552467346,0.7648999691009521,0.7647422552108765,0.7647039294242859,544.0,544.0,544.0,544.0,0.5,0.5,0.4999999403953552,9.666465759277344,0.0,0.5,0.5,0.5,0.5
2,1028.0,1034.0,3816.0,3822.0,0.7876288890838623,0.8639724254608154,0.7871397733688354,0.4636188745498657,0.01,0.5741519927978516,0.7875339984893799,0.7870675325393677,0.7880412340164185,0.7864391207695007,544.0,544.0,544.0,544.0,0.5,0.5,0.4999999403953552,6.199184417724609,0.0,0.5,0.5,0.5,0.5
3,983.0,978.0,3872.0,3867.0,0.7973195910453796,0.8777738809585571,0.7978535294532776,0.44039157032966614,0.01,0.5959271788597107,0.7976573705673218,0.7981424331665039,0.7973195910453796,0.7984703779220581,544.0,544.0,544.0,544.0,0.5,0.5,0.4999999403953552,4.122348308563232,0.0,0.5,0.5,0.5,0.5
4,987.0,977.0,3873.0,3863.0,0.7979381680488586,0.8779990077018738,0.797390878200531,0.449863076210022,0.0009999999,0.5952017903327942,0.7969750761985779,0.7981404662132263,0.7964948415756226,0.7986184358596802,544.0,543.0,545.0,544.0,0.5,0.688969075679779,0.5002315640449524,1.280757188796997,0.0009192298166453838,0.5004525184631348,0.5004599690437317,0.5,0.5009191036224365
5,889.0,893.0,3957.0,3961.0,0.8162886500358582,0.8935858011245728,0.8164469003677368,0.4143308699131012,0.0009999999,0.6327236294746399,0.8165948987007141,0.8160279989242554,0.8167010545730591,0.8159457445144653,544.0,544.0,544.0,544.0,0.5,0.6904098391532898,0.4999999403953552,1.6068326234817505,0.0,0.5,0.5,0.5,0.5
