epoch,FN,FP,TN,TP,accuracy,auc,f1_score,loss,lr,mcc,npv,precision,recall,specificity,val_FN,val_FP,val_TN,val_TP,val_accuracy,val_auc,val_f1_score,val_loss,val_mcc,val_npv,val_precision,val_recall,val_specificity
0,734.0,739.0,3997.0,4002.0,0.8517736196517944,0.9200360774993896,0.8445045351982117,0.36798563599586487,0.01,0.6893424987792969,0.8452329635620117,0.8441256880760193,0.8450168967247009,0.8439611196517944,608.0,608.0,608.0,608.0,0.5,0.6559980511665344,0.4999999403953552,2.0595147609710693,0.0,0.5,0.5,0.5,0.5
1,429.0,432.0,4280.0,4283.0,0.9085314273834229,0.9665848612785339,0.9086754322052002,0.23355822265148163,0.01,0.8174803256988525,0.9090206027030945,0.9083775281906128,0.9089558720588684,0.908403754234314,608.0,608.0,608.0,608.0,0.5,0.5,0.4999999403953552,4.5151472091674805,0.0,0.5,0.5,0.5,0.5
2,397.0,402.0,4310.0,4315.0,0.9151103496551514,0.9743812680244446,0.914897620677948,0.20336227118968964,0.01,0.829764187335968,0.9153696894645691,0.9147763252258301,0.9157470464706421,0.9142313599586487,608.0,608.0,608.0,608.0,0.5,0.5,0.4999999403953552,5.336430549621582,0.0,0.5,0.5,0.5,0.5
3,353.0,353.0,4359.0,4359.0,0.9246604442596436,0.9809128046035767,0.9246684908866882,0.1772770881652832,0.01,0.8494987487792969,0.924728512763977,0.9250848889350891,0.9250848889350891,0.9248310923576355,608.0,608.0,608.0,608.0,0.5,0.5,0.4999999403953552,5.725894927978516,0.0,0.5,0.5,0.5,0.5
4,323.0,318.0,4394.0,4389.0,0.9320882558822632,0.9810119867324829,0.9322177767753601,0.17465397715568542,0.0009999999,0.8646036982536316,0.9319596290588379,0.9324410557746887,0.9314516186714172,0.9327279925346375,608.0,608.0,608.0,608.0,0.5,0.5,0.4999999403953552,6.689061164855957,0.0,0.5,0.5,0.5,0.5
5,272.0,268.0,4444.0,4440.0,0.9431239366531372,0.9870604276657104,0.942230224609375,0.1441720426082611,0.0009999999,0.8846446871757507,0.9419862031936646,0.9430755972862244,0.9422750473022461,0.9427787065505981,608.0,608.0,608.0,608.0,0.5,0.5,0.4999999403953552,6.083497047424316,0.0,0.5,0.5,0.5,0.5
