epoch,FN,FP,TN,TP,accuracy,auc,f1_score,loss,lr,mcc,npv,precision,recall,specificity,val_FN,val_FP,val_TN,val_TP,val_accuracy,val_auc,val_f1_score,val_loss,val_mcc,val_npv,val_precision,val_recall,val_specificity
0,746.0,776.0,3896.0,3926.0,0.84375,0.9084444642066956,0.8377354741096497,0.39952924847602844,0.01,0.6746588945388794,0.8394144177436829,0.834963858127594,0.8403253555297852,0.8339040875434875,608.0,608.0,608.0,608.0,0.5,0.5,0.4999999403953552,8.125129699707031,0.0,0.5,0.5,0.5,0.5
1,491.0,488.0,4178.0,4175.0,0.8969138264656067,0.9586915969848633,0.8950177431106567,0.26000162959098816,0.01,0.7901836037635803,0.8948584794998169,0.8953463435173035,0.8947706818580627,0.8953266143798828,608.0,608.0,608.0,608.0,0.5,0.5,0.4999999403953552,15.765838623046875,0.0,0.5,0.5,0.5,0.5
2,373.0,377.0,4289.0,4293.0,0.920917272567749,0.9769647121429443,0.9196566343307495,0.19392630457878113,0.01,0.8393203616142273,0.9200479388237,0.9192719459533691,0.9200599789619446,0.9191515445709229,608.0,608.0,608.0,608.0,0.5,0.5,0.4999999403953552,15.567276954650879,0.0,0.5,0.5,0.5,0.5
3,350.0,358.0,4308.0,4316.0,0.923060417175293,0.979221761226654,0.9242903590202332,0.18504181504249573,0.01,0.8483875393867493,0.9248199462890625,0.9234060645103455,0.9249892830848694,0.9233068227767944,608.0,608.0,608.0,608.0,0.5,0.5,0.4999999403953552,12.352066040039062,0.0,0.5,0.5,0.5,0.5
4,286.0,304.0,4362.0,4380.0,0.9376339316368103,0.9837930798530579,0.9369223713874817,0.1626136153936386,0.0009999999,0.8736593127250671,0.9385039210319519,0.9350982308387756,0.9387055039405823,0.9348650574684143,608.0,608.0,608.0,608.0,0.5,0.5,0.4999999403953552,9.051823616027832,0.0,0.5,0.5,0.5,0.5
5,244.0,244.0,4422.0,4422.0,0.9498499631881714,0.988494336605072,0.9477304816246033,0.1367134302854538,0.0009999999,0.8955174088478088,0.9477579593658447,0.9477068185806274,0.9477068185806274,0.94770747423172,608.0,608.0,608.0,608.0,0.5,0.5,0.4999999403953552,8.654414176940918,0.0,0.5,0.5,0.5,0.5
