epoch,FN,FP,TN,TP,accuracy,auc,f1_score,loss,lr,mcc,npv,precision,recall,specificity,val_FN,val_FP,val_TN,val_TP,val_accuracy,val_auc,val_f1_score,val_loss,val_mcc,val_npv,val_precision,val_recall,val_specificity
0,834.0,849.0,3951.0,3966.0,0.82791668176651,0.9046879410743713,0.8246920108795166,0.4045839309692383,0.01,0.6497645378112793,0.826479434967041,0.8236759901046753,0.8262500166893005,0.8231250047683716,576.0,576.0,576.0,576.0,0.5,0.5,0.4999999403953552,5.5740251541137695,0.0,0.5,0.5,0.5,0.5
1,502.0,501.0,4261.0,4260.0,0.8958420753479004,0.9613559246063232,0.8945249319076538,0.2523544728755951,0.01,0.7891143560409546,0.8948505520820618,0.8947700262069702,0.8945820927619934,0.8941025733947754,576.0,576.0,576.0,576.0,0.5,0.5,0.4999999403953552,9.2586030960083,0.0,0.5,0.5,0.5,0.5
2,380.0,381.0,4381.0,4382.0,0.922091543674469,0.9761680960655212,0.9205729365348816,0.19650238752365112,0.01,0.8412622809410095,0.920633852481842,0.9200084209442139,0.9202015995979309,0.9206249713897705,576.0,576.0,576.0,576.0,0.5,0.5,0.4999999403953552,9.194278717041016,0.0,0.5,0.5,0.5,0.5
3,356.0,370.0,4392.0,4406.0,0.9227215647697449,0.9787784814834595,0.9242624044418335,0.1840408742427826,0.01,0.848223865032196,0.9252172708511353,0.9225293397903442,0.9252414703369141,0.922612190246582,576.0,576.0,576.0,576.0,0.5,0.5,0.4999999403953552,11.374818801879883,0.0,0.5,0.5,0.5,0.5
4,363.0,368.0,4394.0,4399.0,0.9239815473556519,0.9757015109062195,0.922814130783081,0.202085480093956,0.0009999999,0.8456478714942932,0.9231701493263245,0.9228026270866394,0.9237715005874634,0.9224198460578918,576.0,576.0,576.0,576.0,0.5,0.5,0.4999999403953552,7.824594974517822,0.0,0.5,0.5,0.5,0.5
5,256.0,263.0,4499.0,4506.0,0.9454010725021362,0.9882634282112122,0.9449173212051392,0.13891860842704773,0.0009999999,0.889797568321228,0.945712685585022,0.9448521733283997,0.9462410807609558,0.9439903497695923,576.0,576.0,576.0,576.0,0.5,0.5,0.4999999403953552,7.25485897064209,0.0,0.5,0.5,0.5,0.5
