epoch,FN,FP,TN,TP,accuracy,auc,f1_score,loss,lr,mcc,npv,precision,recall,specificity,val_FN,val_FP,val_TN,val_TP,val_accuracy,val_auc,val_f1_score,val_loss,val_mcc,val_npv,val_precision,val_recall,val_specificity
0,824.0,826.0,4038.0,4040.0,0.8373766541481018,0.9049307703971863,0.8308427333831787,0.4036913812160492,0.01,0.6610780954360962,0.8298336267471313,0.8302507400512695,0.8305920958518982,0.8301809430122375,544.0,544.0,544.0,544.0,0.5,0.6093618869781494,0.4999999403953552,1.6067808866500854,0.0,0.5,0.5,0.5,0.5
1,555.0,553.0,4257.0,4255.0,0.8858627676963806,0.956538736820221,0.8834525942802429,0.2670256495475769,0.01,0.7670060992240906,0.8837187886238098,0.8849833607673645,0.8846153616905212,0.8829769492149353,520.0,486.0,602.0,568.0,0.533088207244873,0.6997581720352173,0.5302335023880005,1.1024447679519653,0.07543255388736725,0.5366527438163757,0.5388994216918945,0.5220588445663452,0.5533088445663452
2,396.0,398.0,4412.0,4414.0,0.9180873036384583,0.9737069606781006,0.9161860942840576,0.20691713690757751,0.01,0.832451343536377,0.9164302945137024,0.9172900915145874,0.9176715016365051,0.9159539937973022,544.0,544.0,544.0,544.0,0.5,0.5635547041893005,0.4999999403953552,3.373659610748291,0.0,0.5,0.5,0.5,0.5
3,354.0,357.0,4453.0,4456.0,0.9266112446784973,0.9791442155838013,0.924728274345398,0.18421857059001923,0.01,0.8495123982429504,0.925041913986206,0.9258258938789368,0.9264033436775208,0.924383282661438,544.0,544.0,544.0,544.0,0.5,0.4993106424808502,0.4999999403953552,4.023613929748535,0.0,0.5,0.5,0.5,0.5
4,325.0,323.0,4487.0,4485.0,0.9340956211090088,0.9833930134773254,0.9323006868362427,0.16436666250228882,0.01,0.8646470308303833,0.9321092367172241,0.9328203201293945,0.9324324131011963,0.9324835538864136,544.0,544.0,544.0,544.0,0.5,0.5,0.4999999403953552,4.10680627822876,0.0,0.5,0.5,0.5,0.5
5,221.0,238.0,4572.0,4589.0,0.9513513445854187,0.9903618693351746,0.950689435005188,0.12555469572544098,0.0009999999,0.9012808799743652,0.9522426724433899,0.9506940245628357,0.954054057598114,0.9488487243652344,544.0,544.0,544.0,544.0,0.5,0.5110294222831726,0.4999999403953552,3.9018290042877197,0.0,0.5,0.5,0.5,0.5
6,223.0,225.0,4585.0,4587.0,0.9538461565971375,0.9914904236793518,0.953953206539154,0.11620139330625534,0.0009999999,0.9079627990722656,0.954205334186554,0.9532418847084045,0.9536382555961609,0.9537417888641357,544.0,544.0,544.0,544.0,0.5,0.5989927053451538,0.4999999403953552,2.92288875579834,0.0,0.5,0.5,0.5,0.5
