epoch,FN,FP,TN,TP,accuracy,auc,f1_score,loss,lr,mcc,npv,precision,recall,specificity,val_FN,val_FP,val_TN,val_TP,val_accuracy,val_auc,val_f1_score,val_loss,val_mcc,val_npv,val_precision,val_recall,val_specificity
0,759.0,755.0,4109.0,4105.0,0.8478618264198303,0.9182780981063843,0.8440680503845215,0.3711884021759033,0.01,0.6889321208000183,0.8446857333183289,0.8446502089500427,0.8439555764198303,0.8447779417037964,544.0,544.0,544.0,544.0,0.5,0.5795974135398865,0.4999999403953552,2.101827621459961,0.0,0.5,0.5,0.5,0.5
1,529.0,529.0,4319.0,4319.0,0.8906765580177307,0.9601534605026245,0.891006350517273,0.25571614503860474,0.01,0.7820696830749512,0.8910832405090332,0.8908828496932983,0.8908828496932983,0.8909677267074585,544.0,544.0,544.0,544.0,0.5,0.5,0.4999999403953552,4.634214401245117,0.0,0.5,0.5,0.5,0.5
2,408.0,413.0,4435.0,4440.0,0.9158415794372559,0.9756109714508057,0.915184497833252,0.19989833235740662,0.01,0.8302531838417053,0.9155150055885315,0.9148979783058167,0.9158415794372559,0.9145421385765076,544.0,544.0,544.0,544.0,0.5,0.5050551891326904,0.4999999403953552,6.049962520599365,0.0,0.5,0.5,0.5,0.5
3,340.0,336.0,4512.0,4508.0,0.9300742745399475,0.9819221496582031,0.9302130341529846,0.17120525240898132,0.01,0.8605789542198181,0.9300417900085449,0.9306358098983765,0.9298679828643799,0.9306470155715942,544.0,544.0,544.0,544.0,0.5,0.5,0.4999999403953552,4.997495174407959,0.0,0.5,0.5,0.5,0.5
4,292.0,292.0,4556.0,4556.0,0.9395626783370972,0.9849412441253662,0.9398515820503235,0.1551172435283661,0.0009999999,0.8796852231025696,0.9398102760314941,0.9397689700126648,0.9397689700126648,0.9398300051689148,544.0,544.0,544.0,544.0,0.5,0.5,0.4999999403953552,5.316645622253418,0.0,0.5,0.5,0.5,0.5
5,218.0,216.0,4632.0,4630.0,0.955033004283905,0.990691065788269,0.955358624458313,0.12227515131235123,0.0009999999,0.9107928276062012,0.9552553296089172,0.9554271697998047,0.955033004283905,0.9555920958518982,544.0,544.0,544.0,544.0,0.5,0.5359351634979248,0.4999999403953552,3.4446523189544678,0.0,0.5,0.5,0.5,0.5
