epoch,FN,FP,TN,TP,accuracy,auc,f1_score,loss,lr,mcc,npv,precision,recall,specificity,val_FN,val_FP,val_TN,val_TP,val_accuracy,val_auc,val_f1_score,val_loss,val_mcc,val_npv,val_precision,val_recall,val_specificity
0,841.0,834.0,3966.0,3959.0,0.8347916603088379,0.9068400263786316,0.8250137567520142,0.40133097767829895,0.01,0.6513562202453613,0.8259826898574829,0.8259962201118469,0.824791669845581,0.8262500166893005,576.0,576.0,576.0,576.0,0.5,0.5,0.4999999403953552,6.8285651206970215,0.0,0.5,0.5,0.5,0.5
1,518.0,506.0,4256.0,4244.0,0.8933221101760864,0.9596228003501892,0.8916800022125244,0.25864145159721375,0.01,0.7837669253349304,0.8909431099891663,0.8934736847877502,0.8912221789360046,0.8930609226226807,576.0,576.0,576.0,576.0,0.5,0.5,0.4999999403953552,5.458700180053711,0.0,0.5,0.5,0.5,0.5
2,446.0,443.0,4319.0,4316.0,0.9076018333435059,0.9695985913276672,0.9063153862953186,0.22397826611995697,0.01,0.8128045797348022,0.9060190916061401,0.9069132208824158,0.9063418507575989,0.9067948460578918,576.0,576.0,576.0,576.0,0.5,0.5,0.4999999403953552,7.041703701019287,0.0,0.5,0.5,0.5,0.5
3,370.0,377.0,4385.0,4392.0,0.922091543674469,0.9758159518241882,0.9213752150535583,0.19932380318641663,0.01,0.8426684737205505,0.9219078421592712,0.920947790145874,0.9223015308380127,0.9205448627471924,576.0,576.0,576.0,576.0,0.5,0.5,0.4999999403953552,6.425307273864746,0.0,0.5,0.5,0.5,0.5
4,297.0,301.0,4461.0,4465.0,0.9367912411689758,0.9844231009483337,0.9373957514762878,0.15998631715774536,0.0009999999,0.8748732209205627,0.9378958344459534,0.9368442893028259,0.9376312494277954,0.9369872212409973,576.0,576.0,576.0,576.0,0.5,0.5,0.4999999403953552,5.888617992401123,0.0,0.5,0.5,0.5,0.5
5,261.0,259.0,4503.0,4501.0,0.9460310935974121,0.987747073173523,0.945783793926239,0.1406542956829071,0.0009999999,0.8917320966720581,0.9457848072052002,0.945588231086731,0.9451910853385925,0.9460416436195374,576.0,576.0,576.0,576.0,0.5,0.5,0.4999999403953552,5.991675853729248,0.0,0.5,0.5,0.5,0.5
