epoch,FN,FP,TN,TP,accuracy,auc,f1_score,loss,lr,mcc,npv,precision,recall,specificity,val_FN,val_FP,val_TN,val_TP,val_accuracy,val_auc,val_f1_score,val_loss,val_mcc,val_npv,val_precision,val_recall,val_specificity
0,834.0,809.0,3991.0,3966.0,0.8335416913032532,0.908251941204071,0.8280231952667236,0.3939577043056488,0.01,0.6581803560256958,0.8281917572021484,0.8305759429931641,0.8262500166893005,0.831458330154419,576.0,576.0,576.0,576.0,0.5,0.5,0.4999999403953552,4.889706134796143,0.0,0.5,0.5,0.5,0.5
1,515.0,519.0,4281.0,4285.0,0.8943750262260437,0.9594298005104065,0.8923237323760986,0.25858074426651,0.01,0.7847413420677185,0.8927792310714722,0.8919650316238403,0.8927083611488342,0.8918750286102295,236.0,244.0,908.0,916.0,0.7890625,0.8956181406974792,0.7923681735992432,0.5936122536659241,0.5833990573883057,0.7937829494476318,0.7896551489830017,0.7951388955116272,0.7881944179534912
2,462.0,441.0,4359.0,4338.0,0.9066666960716248,0.9682844281196594,0.9057130813598633,0.22925806045532227,0.01,0.8119617700576782,0.9042744040489197,0.9077212810516357,0.9037500023841858,0.9081249833106995,576.0,576.0,576.0,576.0,0.5,0.5,0.4999999403953552,6.510558605194092,0.0,0.5,0.5,0.5,0.5
3,396.0,394.0,4406.0,4404.0,0.9183333516120911,0.9744282960891724,0.9177157878875732,0.2045925259590149,0.01,0.8354958295822144,0.9175562262535095,0.9178824424743652,0.9175000190734863,0.9179166555404663,576.0,576.0,576.0,576.0,0.5,0.5,0.4999999403953552,7.879557132720947,0.0,0.5,0.5,0.5,0.5
4,338.0,324.0,4476.0,4462.0,0.9325000047683716,0.9820848703384399,0.9309715628623962,0.1705866903066635,0.01,0.8621680736541748,0.929800808429718,0.9323025345802307,0.9295833110809326,0.9325000047683716,576.0,576.0,576.0,576.0,0.5,0.5,0.4999999403953552,4.931652069091797,0.0,0.5,0.5,0.5,0.5
5,251.0,261.0,4539.0,4549.0,0.9468749761581421,0.9877281188964844,0.9467135667800903,0.1402028650045395,0.0009999999,0.8933972120285034,0.9476752877235413,0.9457380175590515,0.9477083086967468,0.9456250071525574,576.0,576.0,576.0,576.0,0.5,0.5017361044883728,0.4999999403953552,5.865207195281982,0.0,0.5,0.5,0.5,0.5
6,240.0,240.0,4560.0,4560.0,0.950208306312561,0.9904547929763794,0.9499988555908203,0.12369894981384277,0.0009999999,0.900031328201294,0.9500313401222229,0.949999988079071,0.949999988079071,0.949999988079071,506.0,512.0,640.0,646.0,0.5598958134651184,0.7107144594192505,0.5591175556182861,1.5409126281738281,0.11633916944265366,0.5588446259498596,0.5578583478927612,0.5607638955116272,0.5555555820465088
