epoch,FN,FP,TN,TP,accuracy,auc,f1_score,loss,lr,mcc,npv,precision,recall,specificity,val_FN,val_FP,val_TN,val_TP,val_accuracy,val_auc,val_f1_score,val_loss,val_mcc,val_npv,val_precision,val_recall,val_specificity
0,777.0,771.0,3901.0,3895.0,0.8435359597206116,0.9122960567474365,0.8342139720916748,0.38649824261665344,0.01,0.6690558791160583,0.8341372013092041,0.8347620964050293,0.8336900472640991,0.8349742889404297,640.0,640.0,640.0,640.0,0.5,0.5,0.4999999403953552,3.9479737281799316,0.0,0.5,0.5,0.5,0.5
1,452.0,455.0,4167.0,4170.0,0.9030722379684448,0.9644356369972229,0.9014251828193665,0.24255309998989105,0.01,0.8029424548149109,0.9017988443374634,0.9016216397285461,0.9022068381309509,0.9010825157165527,640.0,640.0,640.0,640.0,0.5,0.5,0.4999999403953552,5.023880481719971,0.0,0.5,0.5,0.5,0.5
2,376.0,372.0,4250.0,4246.0,0.9184336066246033,0.9747089147567749,0.919079065322876,0.2023942619562149,0.01,0.8385745286941528,0.9183709025382996,0.9194456338882446,0.9186499118804932,0.920376718044281,640.0,640.0,640.0,640.0,0.5,0.5,0.4999999403953552,9.292494773864746,0.0,0.5,0.5,0.5,0.5
3,363.0,362.0,4260.0,4259.0,0.9201644062995911,0.9767412543296814,0.9223853349685669,0.1945469230413437,0.01,0.8448967933654785,0.9224204421043396,0.9216619729995728,0.9214625954627991,0.9225171208381653,640.0,640.0,640.0,640.0,0.5,0.5,0.4999999403953552,7.9252471923828125,0.0,0.5,0.5,0.5,0.5
4,289.0,295.0,4327.0,4333.0,0.9372565746307373,0.9851590991020203,0.9357249736785889,0.1555912047624588,0.0009999999,0.8712986707687378,0.9364492297172546,0.936257541179657,0.937472939491272,0.9345645904541016,640.0,640.0,640.0,640.0,0.5,0.5,0.4999999403953552,6.428050994873047,0.0,0.5,0.5,0.5,0.5
5,236.0,238.0,4384.0,4386.0,0.9485071301460266,0.9890119433403015,0.9492854475975037,0.13239744305610657,0.0009999999,0.8986071348190308,0.9495190978050232,0.9485294222831726,0.948939859867096,0.9490582346916199,640.0,640.0,640.0,640.0,0.5,0.570631742477417,0.4999999403953552,2.9772191047668457,0.0,0.5,0.5,0.5,0.5
